Rome: The Punic Wars - The First Punic War - Extra History - #1,2013-09-06,4209823,54190,952,2834,EbBHk_zLTmY,553.0
Rome: The Punic Wars - The Second Punic War Begins - Extra History - #2,2013-09-13,2354565,30295,406,1511,lf0-Yki5p40,666.0
Rome: The Punic Wars - The Second Punic War Rages On - Extra History - #3,2013-09-20,2035562,28710,302,1787,wT_rev5VAQc,758.0
Rome: The Punic Wars - The Conclusion of the Second Punic War - Extra History - #4,2013-09-27,1866758,33708,260,2070,McT1H-NVCMQ,700.0
World War I: The Seminal Tragedy - The Concert of Europe - Extra History - #1,2014-08-31,2852486,40815,646,2864,S-wSL4WqUws,594.0
World War I: The Seminal Tragedy - One Fateful Day in June - Extra History - #2,2014-09-13,2091777,31203,448,2911,kyCmh9G1fpo,497.0
World War I: The Seminal Tragedy - The July Crisis - Extra History - #3,2014-09-27,1901551,25028,233,1263,zroZqvr4whk,519.0
World War I: The Seminal Tragedy - The Final Act - Extra History - #4,2014-10-11,1808612,38116,263,3995,WukYrrTH3ms,715.0
World War I: The Seminal Tragedy - Lies - Extra History,2014-10-25,701653,12757,222,994,aiKGPAMIWKs,977.0
Warring States Japan: Sengoku Jidai - Battle of Okehazama - Extra History - #1,2014-11-08,3730538,47346,731,2343,hDsdkoln59A,563.0
Warring States Japan: Sengoku Jidai - The Siege of Inabayama Castle - Extra History - #2,2014-11-22,2434856,30885,306,1160,I2yT2nitGDk,461.0
Warring States Japan: Sengoku Jidai - Warrior Monks of Hongan-ji and Hiei - Extra History - #3,2014-12-06,2294182,29111,260,1559,G3frtoMaxZE,533.0
Warring States Japan: Sengoku Jidai - The Death of Oda Nobunaga - Extra History - #4,2014-12-20,2325213,28417,270,1752,ht6h4-MsMOY,560.0
Warring States Japan: Sengoku Jidai - How Toyotomi Unified Japan - Extra History - #5,2015-01-17,1926890,25874,235,1577,lBD8OAegEw0,542.0
Warring States Japan: Sengoku Jidai - The Campaign of Sekigahara - Extra History - #6,2015-01-31,1869949,31315,267,1645,5vscOHPFUf0,597.0
Warring States Japan: Sengoku Jidai - Lies - Extra History,2015-02-14,569544,8280,333,759,0lNYvGEmRO4,833.0
England: South Sea Bubble - The Sharp Mind of John Blunt - Extra History - #1,2015-02-28,2522694,34563,474,1988,k1kndKWJKB8,549.0
England: South Sea Bubble - Too Big to Fail - Extra History - #2,2015-03-14,1769662,21409,247,1006,Fsk6oZm1EEA,513.0
England: South Sea Bubble - Buying Out Britain - Extra History - #3,2015-03-28,1600281,20112,165,910,1vcF5rebN20,576.0
England: South Sea Bubble - The Bubble Pops - Extra History - #4,2015-04-11,1428509,18748,150,574,SIlnsP6AjP8,416.0
England: South Sea Bubble - It Was Walpole - Extra History - #5,2015-04-25,1429802,24052,179,1642,a_1IpUCUuVc,530.0
England: South Sea Bubble - Lies - Extra History,2015-05-09,491251,7683,168,696,NqeXXzKTzRU,1263.0
Africa: Zulu Empire - Shaka Zulu Becomes King - Extra History - #1,2015-05-16,2552228,38590,818,2817,BZLGKFWlRzY,452.0
Africa: Zulu Empire - The Wrath of Shaka Zulu - Extra History - #2,2015-05-23,1786677,23819,293,1516,GUpaZ0hMso4,517.0
Africa: Zulu Empire - Diamonds in South Africa - Extra History - #3,2015-05-30,1509062,20570,242,1232,-JG-5otw0O8,544.0
Africa: Zulu Empire - Last Stands and Changing Fortunes - Extra History - #4,2015-06-06,1420196,22889,243,2173,KG_mbCgp_zU,558.0
Zulu Empire - Lies - Extra History,2015-06-13,436214,6622,149,420,0C6pjINyK5Y,723.0
Byzantine Empire: Justinian and Theodora - From Swineherd to Emperor - Extra History - #1,2015-06-20,2497329,31219,497,1523,H_2E0RxVHH4,489.0
Byzantine Empire: Justinian and Theodora - The Reforms of Justinian - Extra History - #2,2015-06-27,1839938,24031,213,947,klq84Z9O4GU,581.0
Byzantine Empire: Justinian and Theodora - Purple is the Noblest Shroud - Extra History - #3,2015-07-04,1655398,22018,226,1166,eGL_M1SQV5E,543.0
Byzantine Empire: Justinian and Theodora - Vanquishing the Vandals - Extra History - #4,2015-07-11,1525510,20099,186,784,_NpDvBX2XEI,522.0
Byzantine Empire: Justinian and Theodora - Impossible Burden of Fate - Extra History - #5,2015-07-18,1420019,19283,151,713,oakBpmsJJ9Q,493.0
Byzantine Empire: Justinian and Theodora - Fighting for Rome - Extra History - #6,2015-07-25,1359140,23083,159,870,0W8wIAV1Pu4,647.0
Byzantine Empire: Justinian and Theodora - Lies - Extra History,2015-08-01,454974,7328,143,566,FZwsRVgEu3A,1095.0
Europe: The First Crusade - The People's Crusade - Extra History - #1,2015-08-08,3342108,41427,2135,3698,HIs5B2U7US0,493.0
Europe: The First Crusade - Peter the Hermit - Extra History - #2,2015-08-15,2228635,28569,536,2427,aAodRUPN7lE,531.0
Europe: The First Crusade - A Good Crusade? - Extra History - #3,2015-08-22,2077464,28855,399,1630,pI5_idvxm18,572.0
Europe: The First Crusade - Men of Iron - Extra History - #4,2015-08-29,1933578,26768,384,1169,UdzsMEHUBrQ,616.0
Europe: The First Crusade - Siege of Antioch - Extra History - #5,2015-09-05,1779456,23820,267,1012,ZvUibFUJFKM,537.0
Europe: The First Crusade - On to Jerusalem - Extra History - #6,2015-09-12,1730421,25814,400,2162,oyYGLoo3bj0,542.0
Europe: The First Crusade - Lies - Extra History,2015-09-19,613793,9353,436,1059,15KhdeIc0EI,1539.0
Korea: Admiral Yi - Keep Beating the Drum - Extra History - #1,2015-09-26,3477096,47236,606,3007,3ieaDfD_h6s,472.0
Korea: Admiral Yi - Be Like a Mountain - Extra History - #2,2015-10-03,2461078,32523,317,1589,hKBOoPfMvLc,499.0
Korea: Admiral Yi - The Bright Moonlight of Hansando - Extra History - #3,2015-10-10,2235539,31150,267,2025,p97Xa6aB2jA,533.0
Korea: Admiral Yi - Those Who Seek Death Shall Live - Extra History - #4,2015-10-17,2172786,32481,273,3072,QTan6eDphCk,619.0
Korea: Admiral Yi - Martial Lord of Loyalty - Extra History - #5,2015-10-24,2110352,49182,257,5445,39Gsx6PaxiY,445.0
Middle East: Odenathus - Ghosts of the Desert - Extra History,2015-10-31,1279494,22700,263,983,0Pf6PMSB8uo,501.0
Middle East: Palmyra Today - Afterword - Extra History,2015-10-31,421346,13086,116,1410,v-GgknZYu3s,203.0
Korea: Admiral Yi - Lies - Extra History,2015-11-07,589240,10431,188,900,C3yCzHIbkgA,1240.0
♫ Admiral Yi: Drums of War - Sean and Dean Kiner - Extra History Music,2015-11-07,686933,12299,76,747,OYz0y5xUqmk,61.0
"England: The Broad Street Pump - You Know Nothing, John Snow - Extra History - #1",2015-11-14,2203516,31019,366,1431,TLpzHHbFrHY,454.0
England: The Broad Street Pump - Epidemiology Begins! - Extra History - #2,2015-11-21,1586866,21648,174,850,1jlsyucUwpo,365.0
England: The Broad Street Pump - Map of the Blue Death - Extra History - #3,2015-11-28,1512336,29236,187,1464,9NVT6iZP2qg,540.0
The Sanitary Movement - A John Snow Epilogue - Extra History,2015-12-05,1022712,22476,116,1209,cba7di0eL8I,394.0
England: The Broad Street Pump - Lies - Extra History,2015-12-12,317930,5820,94,601,rg_7q_FPjxQ,906.0
♫ The Broad Street Pump Theme - Sean and Dean Kiner - Extra History Music,2015-12-12,291474,4460,34,199,doteMFHPv18,92.0
Mary Seacole - A Bold Front to Fortune - Extra History - #1,2016-01-09,1569319,25907,395,1375,xT9BTuBtCJs,558.0
Mary Seacole - Mother Seacole in the Crimea - Extra History - #2,2016-01-16,1205074,32705,268,1624,eADLWvWqK5Q,608.0
Justinian & Theodora - The Cracks Begin to Spread - Extra History - #7,2016-01-23,1189934,18908,138,1012,oUtEJtBeCaQ,546.0
Justinian & Theodora - Bad Faith - Extra History - #8,2016-01-30,1046000,17562,108,544,EO9DuuhNEoE,480.0
Justinian & Theodora - Justinian's Rival - Extra History - #9,2016-02-06,1072870,17444,135,1048,aN1imOXR4b4,515.0
Theodora - This is My Empire - Extra History - #10,2016-02-13,1068216,18458,176,1083,RwXAGiIVsgQ,469.0
The Battle of Kursk - Operation Barbarossa - Extra History - #1,2016-02-15,3133557,39301,1771,3101,C-UvLZSK3CI,504.0
On World War II and Nazi Symbolism: A Note from Extra History,2016-02-15,685584,10282,1196,1250,LSjFUOA2oZM,130.0
Justinian & Theodora - The Emperor Who Never Sleeps - Extra History - #11,2016-02-20,1011787,17855,122,975,I6vn6uRlPL8,538.0
"Justinian - Caesar I was, and am Justinian - Extra History - #12",2016-02-27,945502,25372,135,2156,6oHr-zd6Bew,448.0
The Battle of Kursk - Preparations - Extra History - #2,2016-02-29,2075888,31759,542,1295,QdK2Sim_ZRU,464.0
Justinian & Theodora - Lies 2 - Extra History,2016-03-05,271546,5047,90,454,wNs4Lklnky4,980.0
"♫ Justinian & Theodora: ""Monogenes Pais"" - Sean and Dean Kiner - Extra History Music",2016-03-05,349218,5612,50,417,kSWO0JOKmWA,90.0
Suleiman the Magnificent - Hero of All That Is - Extra History - #1,2016-03-12,2487964,37337,1026,2556,JGZSkLq3Eng,470.0
Suleiman the Magnificent - Master of the World - Extra History - #2,2016-03-19,1735249,25089,428,1673,pNYIZJew4oE,487.0
The Battle of Kursk- Operation Citadel - Extra History - #3,2016-03-21,1822961,23948,338,1116,6udnj7PvZZ8,468.0
Suleiman the Magnificent - Sultan of Sultans - Extra History - #3,2016-03-26,1576729,23997,436,1741,DqN0EFFUA6w,502.0
The Battle of Kursk - Control of the Eastern Front - Extra History - #4,2016-03-28,1665750,24662,435,1806,rQlFi9s_e2s,462.0
Suleiman the Magnificent - The Shadow of God - Extra History - #4,2016-04-02,1440448,22870,303,1311,JH4jcSFOx70,473.0
WW2: The Resource War - Arsenal of Democracy - Extra History - #1,2016-04-05,2831459,41770,749,2597,NYv-GC8DgMk,524.0
Suleiman the Magnificent - Slave of God - Extra History - #5,2016-04-09,1345775,20989,321,2219,S7p4AcTBG7o,565.0
WW2: The Resource War - Lend-Lease - Extra History - #2,2016-04-12,1827876,27525,642,2089,N5PTeDe4jTQ,434.0
Suleiman the Magnificent - Custodian of the Two Holy Mosques - Extra History - #6,2016-04-16,1234162,24291,680,2727,5gTjfYqiBqg,499.0
WW2: The Resource War - The Engines of War - Extra History - #3,2016-04-19,1758651,28132,314,1549,OvDsvHNvVZw,458.0
Suleiman the Magnificent - Lies - Extra History,2016-04-23,406323,7472,261,894,ltT_CvI5wv0,1456.0
"♫ Suleiman the Magnificent: ""The Lawgiver"" - Sean and Dean Kiner - Extra History Music",2016-04-23,312212,4433,62,321,38pQQZj1HWM,70.0
WW2: The Resource War - Strategic Bombing - Extra History - #4,2016-04-26,1579061,27322,942,2377,zOXbYAd6TLo,461.0
Early Christian Schisms - Before Imperium - Extra History - #1,2016-04-30,1896735,31231,696,2518,E1ZZeCDGHJE,496.0
Early Christian Schisms - The Woes of Constantine - Extra History - #2,2016-05-07,1326068,20123,222,1624,hZsZXHPDwsw,535.0
Early Christian Schisms - The Council of Nicaea - Extra History - #3,2016-05-14,1195112,17880,222,1177,6d2lOQpuqd4,486.0
"Early Christian Schisms - Ephesus, the Robber Council, and Chalcedon - Extra History - #4",2016-05-21,1060216,17999,182,1701,f9lEcwLnwfg,495.0
Early Christian Schisms - Lies - Extra History,2016-05-28,384612,6567,165,921,6dnECIPXIRY,1165.0
"♫ Early Christian Schisms: ""Oxyrhynchus Hymn"" - Sean and Dean Kiner - Extra History Music",2016-05-28,234287,2645,49,157,SeZ6VJ-bQ80,73.0
The History of Writing - Where the Story Begins - Extra History,2016-06-04,1314513,38567,455,3254,HyjLt_RGEww,429.0
Samuel HaNagid - A Prince of Jews - Extra History,2016-06-11,909153,17636,305,1094,h5oBgayr9S0,557.0
First Opium War - Trade Deficits and the Macartney Embassy - Extra History - #1,2016-06-18,3745417,44174,842,3006,fgQahGsYokU,465.0
First Opium War - The Righteous Minister - Extra History - #2,2016-06-25,2768478,33172,431,2026,qHmuuc7m1AA,413.0
First Opium War - Gunboat Diplomacy - Extra History - #3,2016-07-02,2216391,29526,318,1731,jAjUqwauf-A,489.0
First Opium War - Conflagration and Surrender - Extra History - #4,2016-07-09,2243889,33260,377,2665,s9WRmsHFUg0,514.0
Urbino - The Light of Italy: Federico da Montefeltro - Extra History,2016-07-16,1344717,29036,228,1529,kAfNQ_XiPjQ,445.0
First Opium War - Lies - Extra History,2016-07-23,470756,6780,219,727,v9beMOxGOrk,1540.0
"♫ First Opium War: ""Waning Moon"" - Sean and Dean Kiner - Extra History Music",2016-07-23,312130,3871,40,215,BeBeJnqk6V0,80.0
Lindisfarne  - An Age Borne in Fire - Extra History,2016-07-30,1263333,23664,280,1829,qc_wCJd9DKw,377.0
The Brothers Gracchi - How Republics Fall - Extra History - #1,2016-08-06,1815128,25070,349,1866,ODI1VOOoey0,508.0
The Brothers Gracchi - Populares - Extra History - #2,2016-08-13,1264655,18446,165,1102,FC2Hvg7RdSY,442.0
The Brothers Gracchi - Ochlocracy - Extra History - #3,2016-08-20,1097782,16532,129,650,kpFmzkxd-HI,365.0
Hiawatha - The Great Law of Peace - Extra History - #1,2016-08-25,1345045,25878,328,1481,79RApCgwZFw,600.0
The Brothers Gracchi - Enter Gaius - Extra History - #4,2016-08-27,1069097,17527,121,582,WpL7xwCBM34,442.0
Hiawatha - Government for the People - Extra History - #2,2016-09-01,893449,23742,195,1379,RPtUSKKzBcM,614.0
The Brothers Gracchi - The Final Fall - Extra History - #5,2016-09-03,963696,16792,165,894,nfZWu6PsUHI,433.0
Gracchus the Elder - Prequel: In His Footsteps - Extra History,2016-09-10,896911,16043,144,724,cXRzijwTcGQ,694.0
The Brothers Gracchi - Lies - Extra History,2016-09-24,239393,4107,99,395,UZhcMftzjMU,1050.0
"♫ Brothers Gracchi: ""Air and Light"" - Sean and Dean Kiner - Extra History Music",2016-09-24,202426,2828,20,226,e-k1PKbt5fI,108.0
The History of Paper Money - Origins of Exchange - Extra History - #1,2016-10-01,2361988,33691,825,1917,-nZkP2b-4vo,495.0
The History of Paper Money - Not Just Noodles - Extra History - #2,2016-10-08,1546661,23585,263,1013,rPHTmGjoe2k,466.0
The History of Paper Money - Barebones Economy - Extra History - #3,2016-10-15,1319270,21540,200,1017,GKtNuzakzMA,452.0
The History of Paper Money - Lay Down the Law - Extra History - #4,2016-10-22,1192045,18864,207,969,lzH1p3t2oRE,516.0
The History of Paper Money - Working out the Kinks - Extra History - #5,2016-10-29,1080547,17686,278,964,LrB9bS2VOLE,560.0
The History of Paper Money - The Gold Standard - Extra History - #6,2016-11-05,1050347,23345,261,1840,GNo7MDN5-0g,600.0
Veterans Day - A Call to Armistice: Fundraising for War Child Charity - Extra History,2016-11-11,147617,5503,198,423,zbVXLgReUn8,398.0
The History of Paper Money - Lies - Extra History,2016-11-12,310956,5615,150,985,s31ESRvR1p4,1823.0
"♫ History of Paper Money: ""Simple Gifts"" - Sean and Dean Kiner - Extra History Music",2016-11-12,211226,3772,47,227,jnBuj6madds,108.0
Simón Bolívar - Reverberations - Extra History - #1,2016-11-19,1709662,26497,422,1996,80b4ROFoaFY,485.0
Simón Bolívar - Francisco de Miranda - Extra History - #2,2016-11-26,1190957,18835,214,850,N3vu2JYwxSY,648.0
Simón Bolívar - Leavings and Returns - Extra History - #3,2016-12-03,980951,15811,164,829,WGW-kg0b9D0,523.0
Simón Bolívar - Defeat is Not Surrender - Extra History - #4,2016-12-10,933470,16219,181,822,Ie0IoiQQFKA,647.0
Simón Bolívar - Heavy is the Head - Extra History - #5,2016-12-17,788873,14163,131,602,90Chn1wgm_M,485.0
Simón Bolívar - All Good Things - Extra History - #6,2016-12-24,763074,16835,163,1267,x_M2LX980Aw,586.0
Simón Bolívar - Lies - Extra History,2017-01-21,203250,4089,84,478,wl9GKgwoyxw,1138.0
"♫ Simón Bolívar: ""El Libertador"" - Sean and Dean Kiner - Extra History Music",2017-01-21,290414,3625,41,192,VS9tppSH_Ys,76.0
Catherine the Great - Not Quite Catherine Yet - Extra History - #1,2017-01-28,5468962,74858,1768,2857,r1-OC_4cx_o,498.0
Catherine the Great - Not Quite Empress Yet - Extra History - #2,2017-02-04,3386586,50411,561,1631,ObmkeDWQaus,535.0
Catherine the Great - Empress Catherine at Last - Extra History - #3,2017-02-11,3219774,47782,537,2026,Gtlxbyzd7Vg,635.0
"Catherine the Great - Reforms, Rebellion, and Greatness - Extra History - #4",2017-02-18,2589933,40340,437,1538,yjk6nmntdDI,520.0
"Catherine the Great - Potemkin, Catherine's General, Advisor, and Lover - Extra History - #5",2017-02-25,2301644,42489,531,1603,6Gzss-iVd1g,604.0
Catherine the Great - Succession - Extra History - #6,2017-03-04,2120046,41352,480,2302,zUBPhrnfoBo,511.0
"♫ Catherine the Great: ""Ascension in C"" - Sean and Dean Kiner - Extra History Music",2017-03-11,423219,7287,65,343,sCv_hs8Yh1c,168.0
Catherine the Great - Lies - Extra History,2017-03-11,337286,6832,138,568,zmjLWS-JsWA,1359.0
Ned Kelly - Becoming a Bushranger - Extra History - #1,2017-03-18,1998968,29948,413,1478,a1WmidFwFzY,519.0
Ned Kelly - Under Suspicion - Extra History - #2,2017-03-25,1480754,23202,250,959,jry47Hf1y80,623.0
Ned Kelly - Shoot Out at Stringybark Creek - Extra History - #3,2017-04-01,1281491,20460,232,802,sZ2b9ys7ALI,569.0
Ned Kelly - Kelly Country - Extra History - #4,2017-04-08,1320921,21931,207,1043,S1qffXgDqNM,583.0
Ned Kelly - The Iron Outlaw - Extra History - #5,2017-04-15,1244155,25290,229,1999,fBc0BnIHFbE,514.0
Mary Anning - Princess of Paleontology - Extra History,2017-04-22,852314,24787,244,1544,a-CW0B4YeBQ,575.0
"♫ Ned Kelly: ""Farewell to Greta"" - Sean and Dean Kiner - Extra History Music",2017-04-29,609692,8534,58,630,LPgSId5P6zE,151.0
Ned Kelly - Lies - Extra History,2017-04-29,284006,4763,135,541,arON4ofhKd8,2530.0
The Articles of Confederation - Becoming the United States - Extra History - #1,2017-05-06,1848872,24152,576,1578,C6rHSiN0vKk,570.0
Hunting the Bismarck - The Pride of Germany - Extra History - #1,2017-05-11,3786050,48182,1494,4199,2CV1tvMYFRs,632.0
The Articles of Confederation - Ratification - Extra History - #2,2017-05-13,1118230,15542,206,810,lPLA_VPMsUg,469.0
Hunting the Bismarck - The Mighty HMS Hood - Extra History - #2,2017-05-18,2498622,35736,545,2341,Kz8pmbytxoQ,665.0
The Articles of Confederation - Finding Finances - Extra History - #3,2017-05-20,970478,16208,180,1107,nLvRJpDjxVk,605.0
Hunting the Bismarck - A Chance to Strike - Extra History - #3,2017-05-25,2152297,30893,396,1544,OJeI5_9c29s,704.0
The Articles of Confederation - Constitutional Convention - Extra History - #4,2017-05-27,933148,18449,210,1016,wds6kpbpLlA,676.0
Hunting the Bismarck - Sink the Bismarck - Extra History - #4,2017-06-01,2101217,36592,483,3559,cV0NNZbj2QI,564.0
Kamehameha the Great - The Lonely One - Extra History - #1,2017-06-03,1880546,33554,426,3123,yIfgic6W09Y,552.0
D-Day - The Great Crusade - Extra History - #1,2017-06-06,5818212,70163,2172,4259,-KY1pDLulF4,626.0
Kamehameha the Great - Law of the Splintered Paddle - Extra History - #2,2017-06-10,1337404,24637,276,1154,lY8c8jDPSgE,635.0
D-Day - The Secret War - Extra History - #2,2017-06-13,3236970,41773,766,2323,a3w9pmvpyDM,664.0
The Articles of Confederation - Lies - Extra History,2017-06-17,220442,2666,154,275,nr9NsS2FDIA,2468.0
"♫ Articles of Confederation: ""Article 11"" - Sean and Dean Kiner - Extra History Music",2017-06-17,141704,1514,32,127,RaBNaJAcyzE,87.0
D Day - La Résistance - Extra History - #3,2017-06-20,2554821,36518,613,1834,EyPLDItxGgA,574.0
The Bronze Age Collapse - Before the Storm - Extra History - #1,2017-06-24,2746832,45626,860,2462,KkMP328eU5Q,466.0
D-Day - The Atlantic Wall - Extra History - #4,2017-06-29,3037161,40846,723,1581,KxFliX-w6kI,649.0
The Bronze Age Collapse - The Wheel and the Rod - Extra History - #2,2017-07-01,1886096,32383,526,1541,QMBM1qazAXE,517.0
The Bronze Age Collapse - Fire and Sword - Extra History - #3,2017-07-08,1628686,29831,398,2109,y-8uv4D7cOE,490.0
The Bronze Age Collapse - Systems Collapse - Extra History - #4,2017-07-15,1436795,35790,447,2324,3HaqpSPVhW8,618.0
The Alphabet - Origins of Writing - Extra History,2017-07-29,735604,17060,207,1127,yPrcfawo9UM,373.0
D-Day - Lies - Extra History,2017-08-01,543108,5197,373,269,x-dHHyeOrAY,2143.0
Saragarhi - The Last Stand - Extra History,2017-08-05,2324690,66446,1484,6714,lFfHp83Xm04,521.0
"♫ The Bronze Age Collapse: ""Collapse"" - Sean and Dean Kiner - Extra History Music",2017-08-12,286263,3007,103,167,nzK62clVNdc,67.0
The Bronze Age Collapse - Lies - Extra History,2017-08-12,366948,5178,175,526,f_eTD0NxTvw,1080.0
Great Northern War - When Sweden Ruled the World - Extra History - #1,2017-08-19,3376553,49434,853,3202,VyBPAz1H-lU,515.0
Great Northern War - A Good Plan - Extra History - #2,2017-08-26,2102974,34158,556,2196,QCTohrWP-Lo,540.0
Great Northern War - Young and Violent - Extra History - #3,2017-09-09,1727348,27985,315,1450,dovxeQEDils,515.0
Great Northern War - Clash of Kings - Extra History - #4,2017-09-16,1512372,25294,309,1170,M6Oon1XGWRc,507.0
Great Northern War - Rise and Fall - Extra History - #5,2017-09-23,1246827,27931,250,2157,0dPI1PzyWjg,534.0
The Collapse of the Carolingian Empire - Echoes of History - Extra History,2017-09-30,1324281,29203,569,1845,mZ1jkjfRKJM,412.0
Great Northern War - Lies - Extra History,2017-10-07,361323,5576,176,690,1hGAdzbef4g,1588.0
"♫ Great Northern War: ""Song of Gunfire"" - Sean and Dean Kiner - Extra History Music",2017-10-07,391975,5621,54,600,jU5Y4vX9hBc,93.0
Otto von Bismarck - The Wildman Bismarck - Extra History - #1,2017-10-14,3322686,51972,677,2446,zc3Y-dU_GjM,560.0
Otto von Bismarck - A Man of Great Ideas - Extra History - #2,2017-10-21,2282820,35545,415,1322,LsxmsHBRl1M,603.0
Otto von Bismarck - Iron and Blood - Extra History - #3,2017-10-28,2076911,31935,310,1273,KnJDZpi3EBI,540.0
Otto von Bismarck - The Iron Chancellor - Extra History - #4,2017-11-04,1930279,31369,296,1650,bKnIfv7wKk0,552.0
Otto von Bismarck - Prussia Ascendant - Extra History - #5,2017-11-11,2007970,33700,311,2073,jCFt0CQ8aEk,639.0
Otto von Bismarck - Germany! - Extra History - #6,2017-11-18,1939214,36196,288,1802,G9bqCd7sRg0,410.0
Otto von Bismarck - Lies - Extra History,2017-12-02,302286,6235,394,577,nkc87DmiDwI,965.0
"♫ Otto von Bismarck: ""Art of the Possible"" - Sean and Dean Kiner - Extra History Music",2017-12-02,264982,4309,41,274,UmJRokjQ0K0,84.0
Berlin Airlift: The Cold War Begins - Extra History,2017-12-07,3135323,50307,1076,3777,nwjFSQCrShM,685.0
"Khosrau Anushirawan - Like Father, Like Son - Extra History - #1",2017-12-09,2212089,30695,439,1482,bJL2Vnc5vLo,568.0
Khosrau Anushirawan - Prince of Persia - Extra History - #2,2017-12-16,1607589,24139,275,1361,GMVZSxkgcGk,612.0
WW1 Christmas Truce: Silent Night - Extra History - #1,2017-12-17,4550511,108883,1439,7713,WUlPNWDvk-c,673.0
Khosrau Anushirawan - The Immortal Soul - Extra History - #3,2017-12-23,1486055,22513,241,892,bmqLo75E86M,542.0
WW1 Christmas Truce: Letters from the Trenches - Extra History - #2,2017-12-24,1281081,30158,335,1431,9Pey-HmXGfs,521.0
Khosrau Anushirawan - Trolling Justinian - Extra History - #4,2018-01-13,1351243,21889,216,1309,z08uc0PolYc,500.0
Khosrau Anushirawan - On Top of the World - Extra History - #5,2018-01-20,1245705,23238,240,1255,Epuxm-GtT1g,608.0
Cheng I Sao - Pirate Queen - Extra History,2018-01-27,2615411,52688,837,3025,-p2lhxUqMMQ,650.0
"♫ Khosrau Anushirawan: ""Immortal Soul"" - Sean and Dean Kiner - Extra History Music",2018-02-03,250435,2639,79,192,IQFFsCbEJQo,154.0
Khosrau Anushirawan - Lies - Extra History,2018-02-03,196575,3880,101,574,U66AB7hsqt8,1278.0
Cuban Missile Crisis - The Failed Checkmate - Extra History - #1,2018-02-15,3097115,42584,952,2363,xqJBibhR07w,658.0
Genghis Khan - Temüjin the Child - Extra History - #1,2018-02-17,4512081,61865,1728,3762,3cVTVF6ioaY,596.0
Cuban Missile Crisis - Eyeball to Eyeball - Extra History - #2,2018-02-22,2120202,32859,423,1552,QQT4Dt82Kz0,660.0
Genghis Khan - The Rivalry of Blood Brothers - Extra History - #2,2018-02-24,2810811,45636,543,1615,61NZrJevZwI,595.0
Cuban Missile Crisis - Black Saturday - Extra History - #3,2018-03-01,1748747,35882,406,2539,-Ox9wIZeZYg,664.0
Genghis Khan - The Debut of Temüjin Khan - Extra History - #3,2018-03-03,2504805,40966,453,1604,IvUDNSfSQdU,628.0
Genghis Khan - Khan of All Mongols - Extra History - #4,2018-03-10,2357074,41027,442,2150,vmYcxEOBk_8,621.0
Genghis Khan - Beginnings of the Great Mongol Nation - Extra History - #5,2018-03-17,2309073,39588,451,1937,FPYnY_TgQDA,642.0
Genghis Khan - The Final Conquering Years - Extra History - #6,2018-03-24,2158022,50387,547,4088,aKQ-djCmsrQ,605.0
"♫ Genghis Khan: ""The Infinite Steppe"" - Sean and Dean Kiner - Extra History Music",2018-03-31,172837,3479,37,294,flaRyx90YJo,118.0
Genghis Khan - Lies - Extra History,2018-03-31,221931,5201,173,561,rSg5Lx5RqUA,918.0
The Danelaw - Alfred vs. Guthrum - Extra History - #1,2018-04-05,1588161,29587,524,1935,_K6P3T0NIjo,656.0
The Triangle Shirtwaist Fire - Horror in Manhattan - Extra History,2018-04-07,1100072,28146,542,2012,8-fwdc3OSaU,641.0
The Danelaw - The Fall of Eric Bloodaxe - Extra History - #2,2018-04-12,997445,20228,262,1061,MvM3wPGAUjE,636.0
The Empire of Mali - The Twang of a Bow - Extra History - #1,2018-04-14,1650741,27715,439,1667,UkayShPilkw,530.0
The Empire of Mali - An Empire of Trade and Faith - Extra History - #2,2018-04-21,1068472,21576,280,1282,YPytwp5ll9g,619.0
The Empire of Mali - Mansa Musa - Extra History - #3,2018-04-28,1045777,19750,277,1267,4-Un2xx6Pzo,490.0
The Empire of Mali - The Cracks Begin to Show - Extra History - #4,2018-05-05,742166,15434,224,937,lkTF0TGBDNc,538.0
The Empire of Mali - The Final Bloody Act - Extra History - #5,2018-05-12,653818,16962,585,993,Mi79VdOCXGc,652.0
The Empire of Mali - Lies - Extra History,2018-05-19,109889,2698,69,183,-DWZUvDleSQ,870.0
"♫ The Empire of Mali: ""Wealth Beyond Dreams"" - Sean and Dean Kiner - Extra History Music",2018-05-19,92740,1704,33,118,zAeKkS-e3WE,76.0
The History of Non-Euclidean Geometry - Sacred Geometry - Extra History - #1,2018-05-26,1352336,31374,1124,1817,nkvVR-sKJT8,437.0
The History of Non-Euclidean Geometry - The Great Quest - Extra History - #2,2018-06-02,959580,25123,413,1426,vUWKMo5scKY,483.0
Thermopylae - The Hellenic Alliance - Extra History - #1,2018-06-07,1703122,29788,1145,2004,FwitONWEgsk,624.0
The History of Non-Euclidean Geometry - Squaring the Circle - Extra History - #3,2018-06-09,787750,20587,287,1299,H74AayZkpXg,594.0
Thermopylae - East vs. West - Extra History - #2,2018-06-14,1167104,26056,613,1527,Fvd9vxyCgCA,631.0
The History of Non-Euclidean Geometry - A Most Terrible Possibility - Extra History - #4,2018-06-16,780926,19281,219,1223,i5goUkT1irw,472.0
The History of Non-Euclidean Geometry - The World We Know - Extra History - #5,2018-06-23,685892,24696,247,1379,RJHi7xJV7QY,523.0
History of Non-Euclidean Geometry - Lies - Extra History - #6,2018-06-30,134486,3316,85,247,icpzi9sX_58,712.0
"♫ History of Non-Euclidean Geometry: ""Postulate 5"" - Sean and Dean Kiner - Extra History Music",2018-06-30,139554,2550,57,239,jZtt0xCuw4o,220.0
The 1918 Flu Pandemic - Emergence - Extra History - #1,2018-07-07,2812809,47107,1363,5105,XQ9WX4qVxEo,561.0
The 1918 Flu Pandemic - Trench Fever - Extra History - #2,2018-07-14,1531228,27358,461,1772,Gt-VQGNiSWU,570.0
The 1918 Flu Pandemic - Order More Coffins - Extra History - #3,2018-07-21,1245201,24654,323,1847,RHlYBBZL_y8,610.0
Pellagra - A Medical Mystery - Extra History,2018-07-26,1159198,28542,395,1851,reYKBgdrZsM,663.0
The 1918 Flu Pandemic - Fighting the Ghost - Extra History - #4,2018-07-28,1230944,23388,283,1969,dHGz4QvDVlM,593.0
The 1918 Flu Pandemic - Leviathan - Extra History - #5,2018-08-04,1203552,23317,401,1961,QSxaojFNAsU,626.0
The 1918 Flu Pandemic - The Forgotten Plague - Extra History - #6,2018-08-11,1118546,29264,335,3595,NSLKFwXBdbg,625.0
"♫ 1918 Flu Pandemic: ""The Cytokine Storm"" - Tiffany Román - Extra History",2018-08-18,129110,2331,57,256,5FAA-rhA2Qo,92.0
The 1918 Flu Pandemic - Lies - Extra History,2018-08-18,226682,4777,220,540,fyyes_IMNoo,1219.0
Kingdom of Majapahit - An Empire of Water - Extra History - #1,2018-08-25,1572519,41484,649,5460,n4zGw2OewIk,636.0
Battle of Saipan - Steel and Coral - Extra History - #1,2018-09-06,1710824,28809,589,1973,y9qi1Ge3ThY,678.0
Battle of Saipan - Suicide Island - Extra History - #2,2018-09-13,1231122,25972,366,2057,dDvuXO9REMM,711.0
Kingdom of Majapahit - Wrath of the Khan - Extra History - #2,2018-09-15,978015,22495,244,2051,bZKHATDgPO0,592.0
Quantum Computing - The Foundation of Everything - Extra History - #1,2018-09-16,650717,19103,412,1543,iol5936dZho,526.0
Kingdom of Majapahit - Master of Intrigue - Extra History - #3,2018-09-22,797433,18918,180,1523,WOw9feCjpME,645.0
Quantum Computing - Electron Boogaloo - Extra History - #2,2018-09-23,450411,11087,223,844,2i02SQ5SFaU,599.0
Kingdom of Majapahit - The Golden Reign - Extra History - #4,2018-09-29,717921,20008,251,1917,k_7lo61DkBM,650.0
Quantum Computing - The Einstein-Bohr Debates - Extra History - #3,2018-09-30,437284,12726,168,682,8PUi0I02Mdc,652.0
Kingdom of Majapahit - Changing Winds - Extra History - #5,2018-10-06,639426,19620,238,1990,1gGoSOpf34E,741.0
Quantum Computing - Spooky Action at a Distance - Extra History - #4,2018-10-07,335857,10247,442,690,sITpTx5GL-w,389.0
"Julie d'Aubigny - Duelist, Singer, Radical - Extra History",2018-10-13,814338,32375,1143,2650,6QaBYLAOaSY,598.0
Quantum Computing - Decoherence - Extra History - #5,2018-10-14,338611,8551,134,450,LsxJmHS0cc8,420.0
Kingdom of Majapahit - Lies - Extra History,2018-10-20,148719,4156,140,719,v826Hrhupww,1360.0
"♫ Kingdom of Majapahit: ""Candhi Ayu"" - Tiffany Román - Extra History Music",2018-10-20,79920,1731,23,163,Zw5Memcq0Mo,73.0
Quantum Computing - The World of the Future - Extra History - #6,2018-10-21,269278,8148,313,717,HWxhQKo3Vh4,544.0
Viking Expansion - The Serpent-Riders - Extra History - #1,2018-10-27,1165234,26307,366,1563,sxItyrp55g8,659.0
"♫ Quantum Computing: ""Subatomic Fugue"" - Tiffany Román - Extra History Music",2018-10-28,75919,1597,55,132,TSr3O9juwt4,106.0
Viking Expansion - Rollo the Walker - Extra History - #2,2018-11-03,948352,21664,248,1554,IOnjG7ocZmI,714.0
Viking Expansion - Ireland - Extra History - #3,2018-11-10,794450,17936,201,999,ms3-rhnbw9U,673.0
Viking Expansion - The Lands of the Rus - Extra History - #4,2018-11-17,712170,17720,272,1521,fhz4Fe25rik,651.0
Defense of Poland - The Battle of the Border - Extra History - #1,2018-11-22,1655904,36621,770,3506,I47vCycUSW4,741.0
Viking Expansion - A Song of Ice and Greenland - Extra History - #5,2018-11-24,603315,14798,172,896,kTB8131aGJo,572.0
Defense of Poland - Under Siege - Extra History - #2,2018-11-29,1088197,27836,426,2979,20fFU_OqB0M,711.0
Viking Expansion - Wine Land - Extra History - #6,2018-12-01,591712,17322,286,1326,SITsfX15jw0,659.0
Viking Expansion - Lies - Extra History,2018-12-08,120563,2669,109,313,rAI4zRaNO3I,1770.0
"♫ Viking Expansion: ""March of the Northmen"" - Tiffany Román - Extra History Music",2018-12-08,113451,2525,30,134,X5DitVQ8DRw,116.0
Sun Yat-sen - A Killing in Hong Kong - Extra History - #1,2018-12-16,1357130,28797,379,1574,01vuhp5WgXM,676.0
Sun Yat-sen - A Kidnapping in London - Extra History - #2,2018-12-22,1074597,21374,403,1186,bt1TZHXkQ4Y,648.0
Sun Yat-sen - An Army in Exile - Extra History - #3,2019-01-12,815682,19442,210,1017,uOIdiZ2zjUU,647.0
Sun Yat-sen - A Bombing in Wuchang - Extra History - #4,2019-01-19,699630,18343,126,930,ibj1IZ-w60s,614.0
Sun Yat-sen - A Dream of China - Extra History - #5,2019-01-26,699518,20857,171,1582,2iWELGVrJKE,681.0
Curing Tuberculosis - The Hero Koch - Extra History - #1,2019-01-31,1128410,25843,299,1427,XP-WXLsnMjY,672.0
Jane Austen - Sarcasm and Subversion - Extra History,2019-02-02,609144,18946,323,735,KwD-1rW254g,627.0
Tuberculosis - A Ten-Thousand Year Battle - Extra History - #2,2019-02-07,803822,22836,245,1439,hBgUWnGtxt4,650.0
Sun Yat-sen - Lies - Extra History,2019-02-09,101724,2442,63,238,9ZMU4VT2amo,1375.0
"♫ Sun Yat-sen: ""Across the Pacific"" - Tiffany Román - Extra History Music",2019-02-09,91767,1712,30,176,A5WprbUNm44,111.0
Irish Potato Famine - Isle of Blight - Extra History - #1,2019-02-16,1733252,36680,595,3775,gAnT21xGdSk,629.0
Irish Potato Famine - The Corn Laws - Extra History - #2,2019-02-23,1136130,25773,357,1852,E4Dc0ltgf3I,631.0
Irish Potato Famine - Black '47 - Extra History - #3,2019-03-02,1004646,24718,279,3110,6DP8INm09nY,681.0
Irish Potato Famine - The American Wake - Extra History - #4,2019-03-09,895366,23537,218,1493,csNlKTRJiS0,633.0
Irish Potato Famine - The Young and the Old - Extra History - #5,2019-03-16,874228,27045,339,1668,iLlNAwyUFBs,648.0
The Boston Massacre - Snow and Gunpowder - Extra History,2019-03-23,1247836,29341,489,2168,qpK9qe0a-WI,630.0
Irish Potato Famine - Lies - Extra History,2019-03-30,122058,3616,144,404,q3cE_pQhBOU,1611.0
"♫ Irish Potato Famine: ""A Warmer Place - Rowan's Jig"" - Tiffany Román - Extra History Music",2019-03-30,133828,3490,31,254,nzuygbp6toA,125.0
Siege of Vienna - Opening Bombardment - Extra History - #1,2019-04-06,1507256,42327,1862,2785,MxZ9coEkd-U,714.0
Siege of Vienna - Tunnel War - Extra History - #2,2019-04-13,1950099,36265,687,1469,XxOufHD_Nxw,631.0
Siege of Vienna - Charge of the Winged Hussars - Extra History - #3,2019-04-20,1472865,40912,609,2615,-CouQMh_PUo,652.0
Queen Nzinga - Rise of a Legend - Extra History - #1,2019-04-27,721285,20515,1190,1526,EBbYxLmCO6c,552.0
Queen Nzinga - The Double Queen - Extra History - #2,2019-05-04,507153,16255,278,786,eCQU5FC7ht0,593.0
The Three Kingdoms - Yellow Turban Rebellion - Extra History - #1,2019-05-09,784475,21130,488,1943,hu7bdq-alRo,695.0
U.S. Civil War - Surprising Soldiers - Extra History,2019-05-11,1021013,26666,870,1685,xTQ0qdFhGkQ,569.0
The Three Kingdoms - The Battle of Guandu - Extra History - #2,2019-05-16,521074,13622,410,963,HRXIbouYVck,691.0
Siege of Vienna & Queen Nzinga - Lies - Extra History,2019-05-18,91430,2401,114,237,gpXu5AeNVXc,1387.0
"♫ Siege of Vienna: ""A Distant Enemy Approaches"" - Tiffany Román - Extra History Music",2019-05-18,86932,1869,39,130,jQ_HV57cgbg,107.0
"♫ Queen Nzinga: ""A New Ruler"" - Tiffany Román - Extra History Music",2019-05-18,59638,1193,53,81,N94H6F0WObc,94.0
History of England - The 100 Years War - Extra History - #1,2019-05-25,1420473,37072,656,1639,i0NXWfCLIfI,512.0
History of England - Fire and Swords - Extra History - #2,2019-06-01,896060,23350,298,1086,w5K2K-S013U,547.0
History of England - The Devastation of France - Extra History - #3,2019-06-08,788356,19969,282,700,JWuxh-e87dg,503.0
History of England - Ashes - Extra History - #4,2019-06-15,700411,18968,267,596,B7ENUtP_22g,525.0
History of England - Agincourt - Extra History - #5,2019-06-22,745269,19829,342,837,mUgMlZU9TSw,563.0
History of England - A New Future - Extra History - #6,2019-06-29,620212,19325,640,838,SuidVI9ENN8,581.0
Joan of Arc - The Mad King - Extra History - #1,2019-07-06,1132653,29882,5430,1644,4XFVzpJxgUk,643.0
Joan of Arc - Angels and Demons - Extra History - #2,2019-07-13,741216,22136,910,1153,ZphBpO5qUkg,620.0
Joan of Arc - The Maid of Orleans - Extra History - #3,2019-07-20,615076,20661,450,1115,WQZimRmHEuw,642.0
Joan of Arc - Thy Kingdom Come - Extra History - #4,2019-07-27,585565,18397,375,821,JuuYBVsg_Hg,635.0
The Warsaw Uprising - The Unstoppable Spirit of the Polish Resistance - Extra History,2019-08-01,1212533,43814,1487,3865,9BjIYKq4CVk,653.0
Joan of Arc - Heroine or Heretic? - Extra History - #5,2019-08-03,541027,19853,313,1132,C12SCeVmGAw,626.0
Hogs in History - Creator and Destroyer - Extra History,2019-08-10,751694,32748,721,2195,6WkjHyKHyX4,594.0
Joan of Arc - Lies - Extra History,2019-08-17,95504,2927,105,252,Brnoj4CCGG0,1413.0
"♫ Joan of Arc: ""Visions of a Martyr"" - Tiffany Román - Extra History Music",2019-08-17,74048,2108,50,161,IkC5lzNbNdk,144.0
The Inca Empire - Out of Thin Air - Extra History - #1,2019-08-24,790162,21905,366,1138,I-9z_Jc81fw,601.0
The Inca Empire - Earth-Shaker - Extra History - #2,2019-08-31,548552,16399,210,710,y2JiCR3djFI,663.0
The Inca Empire - Life of a Dead Emperor - Extra History - #3,2019-09-07,448177,13051,119,631,5D8mIYp1Qnc,589.0
The Inca Empire - Andean Apocalypse - Extra History - #4,2019-09-14,390829,12673,125,588,DaVQA6cUQ9Q,621.0
History of Dentistry - Demons and Tooth Worms - Extra History - #1,2019-09-19,390475,13458,1384,1587,tlkLbJCtR2k,690.0
The Inca Empire - A God Taken Hostage - Extra History - #5,2019-09-21,345905,12261,157,676,zHGWIKnCDtE,633.0
History of Dentistry - An End To Pain - Extra History - #2,2019-09-26,265376,9063,542,729,x9B19RmsgCo,657.0
Charles Darwin - The Voyage of the Beagle - Extra History,2019-09-28,333800,13311,278,796,jRmzmYmMTKk,592.0
Inca Empire - Lies - Extra History,2019-10-05,51117,1702,38,153,e96B2arsdkc,1442.0
"♫ Inca Empire - ""City of Cuzco"" - Extra History Music",2019-10-05,72442,1764,40,144,NClb6b3A3Vk,104.0
Building Angkor - Monsoon Metropolis - Extra History - #1,2019-10-12,472916,14515,206,1196,oumxCLy_N9k,631.0
Building Angkor - Temple City - Extra History - #2,2019-10-19,325507,10356,103,483,pxbW_L9O7Rg,586.0
Building Angkor - A Clash of Gods - Extra History - #3,2019-10-26,270040,9235,90,424,BQeuakxNg94,560.0
History of Space Travel - Looking to the Stars - Extra History - #1,2019-10-31,262772,9984,132,522,P6JARo6bgpY,596.0
Building Angkor - A Drowning City - Extra History - #4,2019-11-02,271755,8975,87,320,JL1yTXZyPd8,610.0
History of Space Travel - Revolutions - Extra History - #2,2019-11-07,231265,7943,150,448,VB7f2BVPrvA,680.0
"Building Angkor - The ""Lost"" City - Extra History - #5",2019-11-08,221480,8972,107,477,xHmHW7lL1iM,585.0
The Berlin Wall - A Street Party With Sledgehammers - Extra History,2019-11-09,866443,25583,490,1685,KgdiYvcOi_w,660.0
History of Space Travel - Kill Devil to V-2 - Extra History - #3,2019-11-14,250516,7914,273,582,YT1q0hS9yKo,668.0
Akhenaten - A Pharaoh Obsessed - Extra History,2019-11-16,678976,19853,329,1064,wKSqgLQNIeQ,526.0
Angkor Wat - Lies - Extra History,2019-11-23,49725,1556,58,136,dDH3TN5xdyY,1391.0
"♫ Building Angkor Wat - ""Nokor Thom"" - Extra History Music",2019-11-23,47574,1143,28,88,OHer7biS1G0,110.0
History of Space Travel - Red Star - Extra History - #4,2019-11-28,189230,6693,107,406,WjgpEr6majo,651.0
Policing London - The Thief-Taker General - Extra History - #1,2019-11-30,1023712,27227,349,1091,XvMQY_y4qx8,625.0
History of Space Travel - One Small Step - Extra History - #5,2019-12-05,185874,6725,176,411,WNrhPOCZFwQ,676.0
Policing London - The Fall of Jonathan Wild - Extra History - #2,2019-12-07,731337,21119,175,580,h9siL4CWTe4,606.0
History of Space Travel - Guided by Starlight - Extra History - #6,2019-12-12,155630,7042,77,501,i2CwEBaLU8U,686.0
Policing London - The Bow Street Runners - Extra History - #3,2019-12-14,641650,18778,149,482,H5l75BSJZo8,590.0
History of Vaccines - Killing Smallpox - Extra History,2019-12-19,473117,17968,193,1320,Ke6tT3_QTuM,618.0
Policing London - His Majesty King Mob - Extra History - #4,2019-12-21,541694,15581,128,487,3Y3H42_8LZU,567.0
Policing London - Scotland Yard at Last - Extra History - #5,2019-12-28,521095,17032,208,841,qprhL2Jh2Ds,583.0
Allan Pinkerton - The Knights of Capitalism - Extra History,2020-01-04,616286,21114,667,1766,Kb2tSF5_vpc,615.0
Policing London - Lies - Extra History,2020-01-11,65983,1992,48,143,Z8zj6TQUi5U,1528.0
"♫ Policing London - ""Alleyways & Truncheons"" - Extra History Music",2020-01-11,77221,1895,35,115,EO_16t_Fe5s,89.0
The Haitian Revolution - The Slave Society - Extra History - #1,2020-01-18,602708,21394,360,1133,tYGS8Ll5mw4,552.0
The Haitian Revolution - The Long Fuse - Extra History - #2,2020-01-25,466005,16061,203,668,B-MV8gTNoC0,550.0
The Haitian Revolution - Fire and Freedom - Extra History - #3,2020-02-01,442471,15379,239,638,rqyygI_9DN8,548.0
The Haitian Revolution - Liberation - Extra History - #4,2020-02-08,395193,14555,171,660,KfLskhmVd7k,572.0
The Haitian Revolution - The War of Knives - Extra History - #5,2020-02-15,350685,13521,136,578,Yjerh4HM6Ro,587.0
"♫ The Haitian Revolution - ""Crête-à-Pierrot"" - Extra History Music",2020-02-22,84760,1997,46,143,MG2cACAKuzM,122.0
The Haitian Revolution - Roots of Liberty - Extra History - #6,2020-02-22,335258,14365,289,1262,-z0NqTEtJyg,560.0
The Haitian Revolution - Lies - Extra History,2020-02-29,63651,2132,62,136,oOeLmULRaco,1561.0
Ibn Battuta - The Great Traveler - Extra History - #1,2020-03-07,704008,25665,521,1760,TEI0sVYKtg8,523.0
Ibn Battuta - Mongols and Mystics - Extra History - #2,2020-03-14,484138,17924,223,949,7mNXbUAxdVI,517.0
Ibn Battuta - The Mad Sultan - Extra History - #3,2020-03-21,429304,16961,180,970,Ia3WdlvfnBU,553.0
Ibn Battuta - Escape to China - Extra History - #4,2020-03-27,396237,15842,120,792,dqZYZOjRlmA,546.0
Ra Ra Rasputin - April Fools 2020 ;) - Extra History,2020-04-01,525536,31898,2109,3118,sjW8cq57Dl8,233.0
Ibn Battuta - Plague and Homecoming - Extra History - #5,2020-04-04,407642,18349,208,1013,WMlwlHHnMsI,543.0
Ibn Fadlan - A Viking Funeral - Extra History,2020-04-11,494834,21626,316,1934,RSURd15qfWQ,582.0
"♫ Ibn Battuta - ""Battuta's Voyage"" - Extra History Music",2020-04-18,70758,2191,39,205,krv9J3KZu3I,127.0
Ibn Battuta - Lies - Extra History,2020-04-18,115515,4105,102,508,G9HO75wcoUU,1690.0
The 1929 Stock Market Crash - Black Thursday - Extra History,2020-04-25,739553,25561,412,1896,D2iuUzkKu9k,555.0
Dividing the Middle East - The Great Loot - Extra History - #1,2020-05-02,601629,21058,603,1829,f2L6L37GGAY,582.0
Dividing the Middle East - The Arab Revolt - Extra History - #2,2020-05-09,461333,16285,278,1290,jJCq5p8HCZo,569.0
Dividing the Middle East - Drawing Lines - Extra History - #3,2020-05-16,394004,15242,314,1366,0VoV_RQZDls,568.0
Dividing the Middle East - Three Kings - Extra History - #4,2020-05-23,337353,13114,187,677,WU9TrSOnXkU,561.0
The Field of the Cloth of Gold - Universal Peace - Extra History - #1,2020-05-28,423226,16466,178,906,bhi0aUQRoeg,619.0
Dividing the Middle East - Setting the Board - Extra History - #5,2020-05-30,289419,12723,203,915,1zZ1A8sphjA,580.0
The Field of the Cloth of Gold - Royal Frenemies - Extra History - #2,2020-06-04,311110,13238,114,576,yWt9N2ZNi3c,646.0
The Sacred Band - An Alternative 300 - Extra History,2020-06-06,279175,15053,1247,1127,ju8PQcvlq00,605.0
Dividing the Middle East - Lies - Extra History,2020-06-13,59528,2112,80,225,eNvhTkDkdqA,1724.0
"♫ Dividing the Middle East - ""Thread of War"" - Extra History Music",2020-06-13,62313,1603,52,146,eUEeg2rI_eg,90.0
Exploring the Pacific - The Great Ocean - Extra History - #1,2020-06-20,359166,16810,126,848,Y1suZVUoxCA,529.0
Exploring the Pacific - We Know the Way - Extra History - #2,2020-06-27,262242,12236,110,812,WIDBE33GeCM,550.0
"The Burning of Black Wall Street - Tulsa, OK - Extra History",2020-07-03,379641,27046,1019,2356,nc7lXBL9mng,546.0
Exploring the Pacific - Founders & Lost Cities - Extra History - #3,2020-07-04,248829,10985,96,640,OLrmHn8lOfk,542.0
Exploring the Pacific - Magellan's Mistake - Extra History - #4,2020-07-11,257637,11103,113,760,CqpQE7dFEuM,566.0
Exploring the Pacific - Farther Than Any Man - Extra History - #5,2020-07-18,185484,10123,126,567,8XQxOe9XT18,561.0
The Affair of the Diamond Necklace - Marie Antoinette - Extra History,2020-07-25,294441,13147,108,877,aLU1wNntRa0,512.0
The Trojan War - History vs. Myth - Extra History - #1,2020-07-30,355743,14861,177,763,zT2egl5iTvg,667.0
"♫ Exploring the Pacific - ""Pasifika"" - Extra History Music",2020-08-01,45054,1505,36,104,1M0sZZyTdNE,128.0
Exploring the Pacific - LIES - Extra History,2020-08-01,39890,1563,40,156,wdj9cbkvHI4,1760.0
Rome & The Third Century Crisis - Taking A Stab At It - Extra History - #1,2020-08-08,494153,20919,768,1468,qNDE113vs28,570.0
The Trojan War - Battles in the Bronze Age - Extra History - #2,2020-08-13,245473,10935,128,469,LVQZXfgjzEE,598.0
Third Century Crisis - Enter Aurelian - Extra History - #2,2020-08-15,360650,14736,273,751,fyyJbOGI7A0,567.0
Third Century Crisis - Not Diocletian - Extra History - #3,2020-08-22,341365,15053,145,836,lV8u3TS0CRw,595.0
Syphilis - The Great Imitator - Extra History - #1,2020-08-27,456239,18839,265,1076,gnwKRHBiWb4,604.0
Third Century Crisis - The Tetrarchy - Extra History - #4,2020-08-29,318365,14375,142,577,vBFVRV5vsp4,595.0
Syphilis - The Killer Cure - Extra History - #2,2020-09-03,306125,14815,328,760,fdjBBGJvem0,611.0
Third Century Crisis - The Great Persecution - Extra History - #5,2020-09-05,308742,14137,198,1053,n2-pPpWC7Is,582.0
The Harlem Hellfighters - The 369th Infantry - Extra History,2020-09-10,316390,20281,508,1378,RV-c62e7g1k,612.0
Bartolomé de las Casas - Changing Your Mind - Extra History,2020-09-12,313257,18969,460,1153,vH65erzQBkY,613.0
"♫ Third Century Crisis - ""Hold the Phalanx!"" - Extra History Music",2020-09-19,72618,2209,76,142,JF9HJ_V7Ia0,130.0
Third Century Crisis - Lies - Extra History,2020-09-19,58529,2308,47,219,OmmEqC90W7g,1395.0
Cleopatra - A Drunken Bet - Extra History - #1,2020-09-27,293994,12488,307,820,ypswk9-DP9M,543.0
Cleopatra - Hail Caesar! - Extra History - #2,2020-10-03,301034,13846,298,858,zGSfOOzHBGs,594.0
"Cleopatra - Exit Caesar, Enter Antony! - Extra History - #3",2020-10-10,272265,13009,545,779,Vl1Yvl0U29Y,617.0
Cleopatra - Death by Snake - Extra History - #4,2020-10-17,262099,13018,295,896,i_Teuv7-LN8,631.0
Cleopatra - Eternal Life - Extra History - #5,2020-10-24,181029,10778,401,800,uNGUDaA9-GQ,566.0
Voting in America - From Barkers to Booths - Extra History,2020-10-27,234782,13899,475,1065,vQfm-6duBb8,587.0
The Beast of Gévaudan - Terror in the French Countryside - Halloween - Extra History,2020-10-31,276762,14873,137,764,qDf93nFGZuc,664.0
Cleopatra - Lies - Extra History,2020-11-07,45345,2106,96,323,2x1UkSVQfI8,1825.0
"♫ Cleopatra - ""Immortal Longings"" - Extra History Music",2020-11-07,37718,1381,29,96,_Sq_Q_0lOaw,155.0
The Harlem Renaissance - An Explosion of Art - Extra History,2020-11-12,112026,7517,143,388,8kZ0gZMCx9U,554.0
End of the Samurai - Black Ships - Extra History - #1,2020-11-14,476960,22390,200,1714,FmRm--vRHCg,573.0
The Polio Epidemic - FDR & The March of Dimes - Extra History,2020-11-19,200582,11718,90,625,7sqkwjzNRgk,618.0
End of the Samurai - Gangs of Kyoto - Extra History #2,2020-11-21,365418,16919,146,731,c5kn5GFujuA,604.0
End of the Samurai - The Boshin War - Extra History - #3,2020-11-28,350071,15946,137,714,499MEYhur7E,606.0
End of the Samurai - The Imperial Army - Extra History - #4,2020-12-05,289853,14587,88,756,_IyXdZi_6yg,559.0
End of the Samurai - The Last Samurai - Extra History - #5,2020-12-12,305506,16949,118,1027,Ir1Aua1jWc4,610.0
Francis Walsingham - Elizabethan Spymaster - Extra History,2020-12-19,175079,9846,81,553,pQMXqmuj2Zw,586.0
End of the Samurai - Lies - Extra History,2020-12-26,46606,2250,45,239,7Fzy25qzW3g,1408.0
"♫ End of the Samurai - ""The Streets of Kyoto"" - Extra History Music",2020-12-26,49078,2046,42,112,pCu-t71uFrw,125.0
Saladin & the 3rd Crusade - Horns of Hattin - Extra History - #1,2021-01-02,285313,15640,238,1132,ReE35Lj_iTs,561.0
