Rome: The Punic Wars - The First Punic War - Extra History - #1,Rome: The Punic Wars ,2013-09-06,4219431,54323,958,2826,EbBHk_zLTmY,553.0
Rome: The Punic Wars - The Second Punic War Begins - Extra History - #2,Rome: The Punic Wars ,2013-09-13,2360657,30369,411,1513,lf0-Yki5p40,666.0
Rome: The Punic Wars - The Second Punic War Rages On - Extra History - #3,Rome: The Punic Wars ,2013-09-20,2040415,28783,303,1786,wT_rev5VAQc,758.0
Rome: The Punic Wars - The Conclusion of the Second Punic War - Extra History - #4,Rome: The Punic Wars ,2013-09-27,1871133,33784,260,2072,McT1H-NVCMQ,700.0
World War I: The Seminal Tragedy - The Concert of Europe - Extra History - #1,World War I: The Seminal Tragedy ,2014-08-31,2861886,40943,646,2862,S-wSL4WqUws,594.0
World War I: The Seminal Tragedy - One Fateful Day in June - Extra History - #2,World War I: The Seminal Tragedy ,2014-09-13,2097982,31303,452,2886,kyCmh9G1fpo,497.0
World War I: The Seminal Tragedy - The July Crisis - Extra History - #3,World War I: The Seminal Tragedy ,2014-09-27,1907198,25094,233,1262,zroZqvr4whk,519.0
World War I: The Seminal Tragedy - The Final Act - Extra History - #4,World War I: The Seminal Tragedy ,2014-10-11,1813184,38229,263,4000,WukYrrTH3ms,715.0
Warring States Japan: Sengoku Jidai - Battle of Okehazama - Extra History - #1,Warring States Japan: Sengoku Jidai ,2014-11-08,3739587,47474,737,2345,hDsdkoln59A,563.0
Warring States Japan: Sengoku Jidai - The Siege of Inabayama Castle - Extra History - #2,Warring States Japan: Sengoku Jidai ,2014-11-22,2440361,30960,308,1163,I2yT2nitGDk,461.0
Warring States Japan: Sengoku Jidai - Warrior Monks of Hongan-ji and Hiei - Extra History - #3,Warring States Japan: Sengoku Jidai ,2014-12-06,2299115,29173,260,1559,G3frtoMaxZE,533.0
Warring States Japan: Sengoku Jidai - The Death of Oda Nobunaga - Extra History - #4,Warring States Japan: Sengoku Jidai ,2014-12-20,2330187,28491,271,1754,ht6h4-MsMOY,560.0
Warring States Japan: Sengoku Jidai - How Toyotomi Unified Japan - Extra History - #5,Warring States Japan: Sengoku Jidai ,2015-01-17,1930897,25941,235,1577,lBD8OAegEw0,542.0
Warring States Japan: Sengoku Jidai - The Campaign of Sekigahara - Extra History - #6,Warring States Japan: Sengoku Jidai ,2015-01-31,1873747,31394,267,1649,5vscOHPFUf0,597.0
England: South Sea Bubble - The Sharp Mind of John Blunt - Extra History - #1,England: South Sea Bubble ,2015-02-28,2530623,34687,475,1983,k1kndKWJKB8,549.0
England: South Sea Bubble - Too Big to Fail - Extra History - #2,England: South Sea Bubble ,2015-03-14,1775007,21489,247,1010,Fsk6oZm1EEA,513.0
England: South Sea Bubble - Buying Out Britain - Extra History - #3,England: South Sea Bubble ,2015-03-28,1605166,20192,166,913,1vcF5rebN20,576.0
England: South Sea Bubble - The Bubble Pops - Extra History - #4,England: South Sea Bubble ,2015-04-11,1432659,18812,152,574,SIlnsP6AjP8,416.0
England: South Sea Bubble - It Was Walpole - Extra History - #5,England: South Sea Bubble ,2015-04-25,1433976,24132,179,1642,a_1IpUCUuVc,530.0
Africa: Zulu Empire - Shaka Zulu Becomes King - Extra History - #1,Africa: Zulu Empire ,2015-05-16,2561198,38760,822,2833,BZLGKFWlRzY,452.0
Africa: Zulu Empire - The Wrath of Shaka Zulu - Extra History - #2,Africa: Zulu Empire ,2015-05-23,1792313,23925,292,1519,GUpaZ0hMso4,517.0
Africa: Zulu Empire - Diamonds in South Africa - Extra History - #3,Africa: Zulu Empire ,2015-05-30,1513471,20668,243,1232,-JG-5otw0O8,544.0
Africa: Zulu Empire - Last Stands and Changing Fortunes - Extra History - #4,Africa: Zulu Empire ,2015-06-06,1424285,22985,243,2178,KG_mbCgp_zU,558.0
Byzantine Empire: Justinian and Theodora - From Swineherd to Emperor - Extra History - #1,Byzantine Empire: Justinian and Theodora ,2015-06-20,2505060,31331,497,1524,H_2E0RxVHH4,489.0
Byzantine Empire: Justinian and Theodora - The Reforms of Justinian - Extra History - #2,Byzantine Empire: Justinian and Theodora ,2015-06-27,1845238,24116,214,947,klq84Z9O4GU,581.0
Byzantine Empire: Justinian and Theodora - Purple is the Noblest Shroud - Extra History - #3,Byzantine Empire: Justinian and Theodora ,2015-07-04,1659892,22094,226,1168,eGL_M1SQV5E,543.0
Byzantine Empire: Justinian and Theodora - Vanquishing the Vandals - Extra History - #4,Byzantine Empire: Justinian and Theodora ,2015-07-11,1529649,20168,186,784,_NpDvBX2XEI,522.0
Byzantine Empire: Justinian and Theodora - Impossible Burden of Fate - Extra History - #5,Byzantine Empire: Justinian and Theodora ,2015-07-18,1423593,19354,152,713,oakBpmsJJ9Q,493.0
Byzantine Empire: Justinian and Theodora - Fighting for Rome - Extra History - #6,Byzantine Empire: Justinian and Theodora ,2015-07-25,1362514,23152,160,869,0W8wIAV1Pu4,647.0
Europe: The First Crusade - The People's Crusade - Extra History - #1,Europe: The First Crusade ,2015-08-08,3355366,41627,2144,3710,HIs5B2U7US0,493.0
Europe: The First Crusade - Peter the Hermit - Extra History - #2,Europe: The First Crusade ,2015-08-15,2238027,28712,539,2432,aAodRUPN7lE,531.0
Europe: The First Crusade - A Good Crusade? - Extra History - #3,Europe: The First Crusade ,2015-08-22,2085730,28978,400,1633,pI5_idvxm18,572.0
Europe: The First Crusade - Men of Iron - Extra History - #4,Europe: The First Crusade ,2015-08-29,1941625,26895,384,1172,UdzsMEHUBrQ,616.0
Europe: The First Crusade - Siege of Antioch - Extra History - #5,Europe: The First Crusade ,2015-09-05,1786565,23937,268,1011,ZvUibFUJFKM,537.0
Europe: The First Crusade - On to Jerusalem - Extra History - #6,Europe: The First Crusade ,2015-09-12,1737414,25935,402,2166,oyYGLoo3bj0,542.0
Korea: Admiral Yi - Keep Beating the Drum - Extra History - #1,Korea: Admiral Yi ,2015-09-26,3485765,47398,604,3013,3ieaDfD_h6s,472.0
Korea: Admiral Yi - Be Like a Mountain - Extra History - #2,Korea: Admiral Yi ,2015-10-03,2466791,32613,317,1591,hKBOoPfMvLc,499.0
Korea: Admiral Yi - The Bright Moonlight of Hansando - Extra History - #3,Korea: Admiral Yi ,2015-10-10,2240728,31243,268,2028,p97Xa6aB2jA,533.0
Korea: Admiral Yi - Those Who Seek Death Shall Live - Extra History - #4,Korea: Admiral Yi ,2015-10-17,2177928,32584,273,3076,QTan6eDphCk,619.0
Korea: Admiral Yi - Martial Lord of Loyalty - Extra History - #5,Korea: Admiral Yi ,2015-10-24,2115249,49314,257,5462,39Gsx6PaxiY,445.0
"England: The Broad Street Pump - You Know Nothing, John Snow - Extra History - #1",England: The Broad Street Pump ,2015-11-14,2210966,31122,367,1431,TLpzHHbFrHY,454.0
England: The Broad Street Pump - Epidemiology Begins! - Extra History - #2,England: The Broad Street Pump ,2015-11-21,1591353,21700,174,851,1jlsyucUwpo,365.0
England: The Broad Street Pump - Map of the Blue Death - Extra History - #3,England: The Broad Street Pump ,2015-11-28,1516797,29313,189,1466,9NVT6iZP2qg,540.0
Mary Seacole - A Bold Front to Fortune - Extra History - #1,Mary Seacole ,2016-01-09,1573307,25971,397,1378,xT9BTuBtCJs,558.0
Mary Seacole - Mother Seacole in the Crimea - Extra History - #2,Mary Seacole ,2016-01-16,1207567,32766,268,1624,eADLWvWqK5Q,608.0
Justinian & Theodora - The Cracks Begin to Spread - Extra History - #7,Justinian & Theodora,2016-01-23,1192905,18970,138,1012,oUtEJtBeCaQ,546.0
Justinian & Theodora - Bad Faith - Extra History - #8,Justinian & Theodora,2016-01-30,1048719,17621,108,544,EO9DuuhNEoE,480.0
Justinian & Theodora - Justinian's Rival - Extra History - #9,Justinian & Theodora,2016-02-06,1075631,17505,135,1048,aN1imOXR4b4,515.0
Theodora - This is My Empire - Extra History - #10,Justinian & Theodora,2016-02-13,1070962,18511,176,1082,RwXAGiIVsgQ,469.0
The Battle of Kursk - Operation Barbarossa - Extra History - #1,The Battle of Kursk ,2016-02-15,3143217,39472,1777,3106,C-UvLZSK3CI,504.0
Justinian & Theodora - The Emperor Who Never Sleeps - Extra History - #11,Justinian & Theodora,2016-02-20,1014306,17910,122,978,I6vn6uRlPL8,538.0
"Justinian - Caesar I was, and am Justinian - Extra History - #12",Justinian & Theodora,2016-02-27,947837,25450,134,2158,6oHr-zd6Bew,448.0
The Battle of Kursk - Preparations - Extra History - #2,The Battle of Kursk ,2016-02-29,2081736,31881,543,1294,QdK2Sim_ZRU,464.0
Suleiman the Magnificent - Hero of All That Is - Extra History - #1,Suleiman the Magnificent ,2016-03-12,2494880,37479,1027,2559,JGZSkLq3Eng,470.0
Suleiman the Magnificent - Master of the World - Extra History - #2,Suleiman the Magnificent ,2016-03-19,1739419,25171,428,1674,pNYIZJew4oE,487.0
The Battle of Kursk- Operation Citadel - Extra History - #3,The Battle of Kursk ,2016-03-21,1828421,24044,340,1117,6udnj7PvZZ8,468.0
Suleiman the Magnificent - Sultan of Sultans - Extra History - #3,Suleiman the Magnificent ,2016-03-26,1580442,24079,436,1742,DqN0EFFUA6w,502.0
The Battle of Kursk - Control of the Eastern Front - Extra History - #4,The Battle of Kursk ,2016-03-28,1670359,24752,436,1808,rQlFi9s_e2s,462.0
Suleiman the Magnificent - The Shadow of God - Extra History - #4,Suleiman the Magnificent ,2016-04-02,1443794,22944,303,1312,JH4jcSFOx70,473.0
WW2: The Resource War - Arsenal of Democracy - Extra History - #1,WW2: The Resource War ,2016-04-05,2840751,41916,753,2597,NYv-GC8DgMk,524.0
Suleiman the Magnificent - Slave of God - Extra History - #5,Suleiman the Magnificent ,2016-04-09,1348934,21068,320,2220,S7p4AcTBG7o,565.0
WW2: The Resource War - Lend-Lease - Extra History - #2,WW2: The Resource War ,2016-04-12,1833525,27614,644,2090,N5PTeDe4jTQ,434.0
Suleiman the Magnificent - Custodian of the Two Holy Mosques - Extra History - #6,Suleiman the Magnificent ,2016-04-16,1236956,24391,681,2729,5gTjfYqiBqg,499.0
WW2: The Resource War - The Engines of War - Extra History - #3,WW2: The Resource War ,2016-04-19,1764438,28222,315,1549,OvDsvHNvVZw,458.0
WW2: The Resource War - Strategic Bombing - Extra History - #4,WW2: The Resource War ,2016-04-26,1584133,27398,946,2382,zOXbYAd6TLo,461.0
Early Christian Schisms - Before Imperium - Extra History - #1,Early Christian Schisms ,2016-04-30,1902750,31330,698,2520,E1ZZeCDGHJE,496.0
Early Christian Schisms - The Woes of Constantine - Extra History - #2,Early Christian Schisms ,2016-05-07,1330817,20196,224,1623,hZsZXHPDwsw,535.0
Early Christian Schisms - The Council of Nicaea - Extra History - #3,Early Christian Schisms ,2016-05-14,1199562,17956,224,1144,6d2lOQpuqd4,486.0
"Early Christian Schisms - Ephesus, the Robber Council, and Chalcedon - Extra History - #4",Early Christian Schisms ,2016-05-21,1064070,18068,182,1700,f9lEcwLnwfg,495.0
First Opium War - Trade Deficits and the Macartney Embassy - Extra History - #1,First Opium War ,2016-06-18,3759802,44379,846,3012,fgQahGsYokU,465.0
First Opium War - The Righteous Minister - Extra History - #2,First Opium War ,2016-06-25,2778093,33297,434,2015,qHmuuc7m1AA,413.0
First Opium War - Gunboat Diplomacy - Extra History - #3,First Opium War ,2016-07-02,2223942,29639,321,1732,jAjUqwauf-A,489.0
First Opium War - Conflagration and Surrender - Extra History - #4,First Opium War ,2016-07-09,2252157,33394,378,2669,s9WRmsHFUg0,514.0
The Brothers Gracchi - How Republics Fall - Extra History - #1,The Brothers Gracchi ,2016-08-06,1820206,25149,353,1875,ODI1VOOoey0,508.0
The Brothers Gracchi - Populares - Extra History - #2,The Brothers Gracchi ,2016-08-13,1267992,18495,165,1103,FC2Hvg7RdSY,442.0
The Brothers Gracchi - Ochlocracy - Extra History - #3,The Brothers Gracchi ,2016-08-20,1100574,16580,129,653,kpFmzkxd-HI,365.0
Hiawatha - The Great Law of Peace - Extra History - #1,Hiawatha ,2016-08-25,1349997,25950,333,1482,79RApCgwZFw,600.0
The Brothers Gracchi - Enter Gaius - Extra History - #4,The Brothers Gracchi ,2016-08-27,1071843,17567,122,582,WpL7xwCBM34,442.0
Hiawatha - Government for the People - Extra History - #2,Hiawatha ,2016-09-01,896615,23803,197,1370,RPtUSKKzBcM,614.0
The Brothers Gracchi - The Final Fall - Extra History - #5,The Brothers Gracchi ,2016-09-03,966119,16834,166,901,nfZWu6PsUHI,433.0
The History of Paper Money - Origins of Exchange - Extra History - #1,The History of Paper Money ,2016-10-01,2370288,33818,829,1923,-nZkP2b-4vo,495.0
The History of Paper Money - Not Just Noodles - Extra History - #2,The History of Paper Money ,2016-10-08,1551599,23664,266,1011,rPHTmGjoe2k,466.0
The History of Paper Money - Barebones Economy - Extra History - #3,The History of Paper Money ,2016-10-15,1323271,21600,201,1018,GKtNuzakzMA,452.0
The History of Paper Money - Lay Down the Law - Extra History - #4,The History of Paper Money ,2016-10-22,1195599,18919,208,961,lzH1p3t2oRE,516.0
The History of Paper Money - Working out the Kinks - Extra History - #5,The History of Paper Money ,2016-10-29,1083707,17738,278,964,LrB9bS2VOLE,560.0
The History of Paper Money - The Gold Standard - Extra History - #6,The History of Paper Money ,2016-11-05,1053784,23422,261,1848,GNo7MDN5-0g,600.0
Simón Bolívar - Reverberations - Extra History - #1,Simón Bolívar ,2016-11-19,1714671,26588,423,1997,80b4ROFoaFY,485.0
Simón Bolívar - Francisco de Miranda - Extra History - #2,Simón Bolívar ,2016-11-26,1193998,18894,214,851,N3vu2JYwxSY,648.0
Simón Bolívar - Leavings and Returns - Extra History - #3,Simón Bolívar ,2016-12-03,983354,15857,164,829,WGW-kg0b9D0,523.0
Simón Bolívar - Defeat is Not Surrender - Extra History - #4,Simón Bolívar ,2016-12-10,935805,16254,182,814,Ie0IoiQQFKA,647.0
Simón Bolívar - Heavy is the Head - Extra History - #5,Simón Bolívar ,2016-12-17,790822,14193,131,602,90Chn1wgm_M,485.0
Simón Bolívar - All Good Things - Extra History - #6,Simón Bolívar ,2016-12-24,764999,16877,163,1272,x_M2LX980Aw,586.0
Catherine the Great - Not Quite Catherine Yet - Extra History - #1,Catherine the Great ,2017-01-28,5484471,75141,1773,2859,r1-OC_4cx_o,498.0
Catherine the Great - Not Quite Empress Yet - Extra History - #2,Catherine the Great ,2017-02-04,3397313,50596,561,1634,ObmkeDWQaus,535.0
Catherine the Great - Empress Catherine at Last - Extra History - #3,Catherine the Great ,2017-02-11,3229896,47942,536,2026,Gtlxbyzd7Vg,635.0
"Catherine the Great - Reforms, Rebellion, and Greatness - Extra History - #4",Catherine the Great ,2017-02-18,2598015,40474,438,1535,yjk6nmntdDI,520.0
"Catherine the Great - Potemkin, Catherine's General, Advisor, and Lover - Extra History - #5",Catherine the Great ,2017-02-25,2308491,42631,535,1605,6Gzss-iVd1g,604.0
Catherine the Great - Succession - Extra History - #6,Catherine the Great ,2017-03-04,2126738,41492,483,2304,zUBPhrnfoBo,511.0
Ned Kelly - Becoming a Bushranger - Extra History - #1,Ned Kelly ,2017-03-18,2003353,30020,413,1477,a1WmidFwFzY,519.0
Ned Kelly - Under Suspicion - Extra History - #2,Ned Kelly ,2017-03-25,1483652,23253,251,958,jry47Hf1y80,623.0
Ned Kelly - Shoot Out at Stringybark Creek - Extra History - #3,Ned Kelly ,2017-04-01,1284002,20505,232,802,sZ2b9ys7ALI,569.0
Ned Kelly - Kelly Country - Extra History - #4,Ned Kelly ,2017-04-08,1323524,21979,207,1043,S1qffXgDqNM,583.0
Ned Kelly - The Iron Outlaw - Extra History - #5,Ned Kelly ,2017-04-15,1246532,25335,230,2001,fBc0BnIHFbE,514.0
The Articles of Confederation - Becoming the United States - Extra History - #1,The Articles of Confederation ,2017-05-06,1858326,24240,582,1580,C6rHSiN0vKk,570.0
Hunting the Bismarck - The Pride of Germany - Extra History - #1,Hunting the Bismarck ,2017-05-11,3797906,48351,1501,4155,2CV1tvMYFRs,632.0
The Articles of Confederation - Ratification - Extra History - #2,The Articles of Confederation ,2017-05-13,1122531,15590,207,812,lPLA_VPMsUg,469.0
Hunting the Bismarck - The Mighty HMS Hood - Extra History - #2,Hunting the Bismarck ,2017-05-18,2506631,35848,546,2351,Kz8pmbytxoQ,665.0
The Articles of Confederation - Finding Finances - Extra History - #3,The Articles of Confederation ,2017-05-20,973749,16253,182,1107,nLvRJpDjxVk,605.0
Hunting the Bismarck - A Chance to Strike - Extra History - #3,Hunting the Bismarck ,2017-05-25,2159510,30998,396,1547,OJeI5_9c29s,704.0
The Articles of Confederation - Constitutional Convention - Extra History - #4,The Articles of Confederation ,2017-05-27,936513,18505,212,1015,wds6kpbpLlA,676.0
Hunting the Bismarck - Sink the Bismarck - Extra History - #4,Hunting the Bismarck ,2017-06-01,2107834,36681,484,3565,cV0NNZbj2QI,564.0
Kamehameha the Great - The Lonely One - Extra History - #1,Kamehameha the Great ,2017-06-03,1886465,33632,428,3124,yIfgic6W09Y,552.0
D-Day - The Great Crusade - Extra History - #1,D-Day,2017-06-06,5838031,70436,2180,4263,-KY1pDLulF4,626.0
Kamehameha the Great - Law of the Splintered Paddle - Extra History - #2,Kamehameha the Great ,2017-06-10,1341105,24693,277,1153,lY8c8jDPSgE,635.0
D-Day - The Secret War - Extra History - #2,D-Day,2017-06-13,3248173,41932,769,2323,a3w9pmvpyDM,664.0
D Day - La Résistance - Extra History - #3,D-Day,2017-06-20,2563874,36647,618,1836,EyPLDItxGgA,574.0
The Bronze Age Collapse - Before the Storm - Extra History - #1,The Bronze Age Collapse ,2017-06-24,2756471,45764,864,2470,KkMP328eU5Q,466.0
D-Day - The Atlantic Wall - Extra History - #4,D-Day,2017-06-29,3047782,41003,725,1563,KxFliX-w6kI,649.0
The Bronze Age Collapse - The Wheel and the Rod - Extra History - #2,The Bronze Age Collapse ,2017-07-01,1892611,32481,529,1536,QMBM1qazAXE,517.0
The Bronze Age Collapse - Fire and Sword - Extra History - #3,The Bronze Age Collapse ,2017-07-08,1633851,29918,398,2112,y-8uv4D7cOE,490.0
The Bronze Age Collapse - Systems Collapse - Extra History - #4,The Bronze Age Collapse ,2017-07-15,1441692,35907,448,2314,3HaqpSPVhW8,618.0
Great Northern War - When Sweden Ruled the World - Extra History - #1,Great Northern War ,2017-08-19,3389298,49631,858,3208,VyBPAz1H-lU,515.0
Great Northern War - A Good Plan - Extra History - #2,Great Northern War ,2017-08-26,2110546,34280,560,2200,QCTohrWP-Lo,540.0
Great Northern War - Young and Violent - Extra History - #3,Great Northern War ,2017-09-09,1733438,28096,315,1452,dovxeQEDils,515.0
Great Northern War - Clash of Kings - Extra History - #4,Great Northern War ,2017-09-16,1517630,25388,310,1172,M6Oon1XGWRc,507.0
Great Northern War - Rise and Fall - Extra History - #5,Great Northern War ,2017-09-23,1250981,28032,251,2161,0dPI1PzyWjg,534.0
Otto von Bismarck - The Wildman Bismarck - Extra History - #1,Otto von Bismarck ,2017-10-14,3337256,52194,679,2451,zc3Y-dU_GjM,560.0
Otto von Bismarck - A Man of Great Ideas - Extra History - #2,Otto von Bismarck ,2017-10-21,2292474,35687,417,1323,LsxmsHBRl1M,603.0
Otto von Bismarck - Iron and Blood - Extra History - #3,Otto von Bismarck ,2017-10-28,2086101,32075,311,1274,KnJDZpi3EBI,540.0
Otto von Bismarck - The Iron Chancellor - Extra History - #4,Otto von Bismarck ,2017-11-04,1939446,31494,296,1652,bKnIfv7wKk0,552.0
Otto von Bismarck - Prussia Ascendant - Extra History - #5,Otto von Bismarck ,2017-11-11,2017514,33834,312,2075,jCFt0CQ8aEk,639.0
Otto von Bismarck - Germany! - Extra History - #6,Otto von Bismarck ,2017-11-18,1947865,36333,292,1808,G9bqCd7sRg0,410.0
"Khosrau Anushirawan - Like Father, Like Son - Extra History - #1",Khosrau Anushirawan ,2017-12-09,2219654,30814,441,1486,bJL2Vnc5vLo,568.0
Khosrau Anushirawan - Prince of Persia - Extra History - #2,Khosrau Anushirawan ,2017-12-16,1613145,24219,275,1363,GMVZSxkgcGk,612.0
WW1 Christmas Truce: Silent Night - Extra History - #1,WW1 Christmas Truce,2017-12-17,4570373,109269,1444,7713,WUlPNWDvk-c,673.0
Khosrau Anushirawan - The Immortal Soul - Extra History - #3,Khosrau Anushirawan ,2017-12-23,1491072,22596,242,894,bmqLo75E86M,542.0
WW1 Christmas Truce: Letters from the Trenches - Extra History - #2,WW1 Christmas Truce,2017-12-24,1285295,30246,336,1435,9Pey-HmXGfs,521.0
Khosrau Anushirawan - Trolling Justinian - Extra History - #4,Khosrau Anushirawan ,2018-01-13,1356019,21972,217,1311,z08uc0PolYc,500.0
Khosrau Anushirawan - On Top of the World - Extra History - #5,Khosrau Anushirawan ,2018-01-20,1250165,23322,240,1257,Epuxm-GtT1g,608.0
Cuban Missile Crisis - The Failed Checkmate - Extra History - #1,Cuban Missile Crisis ,2018-02-15,3110562,42776,958,2367,xqJBibhR07w,658.0
Genghis Khan - Temüjin the Child - Extra History - #1,Genghis Khan ,2018-02-17,4523720,62046,1730,3769,3cVTVF6ioaY,596.0
Cuban Missile Crisis - Eyeball to Eyeball - Extra History - #2,Cuban Missile Crisis ,2018-02-22,2129258,33000,424,1553,QQT4Dt82Kz0,660.0
Genghis Khan - The Rivalry of Blood Brothers - Extra History - #2,Genghis Khan ,2018-02-24,2818369,45777,544,1616,61NZrJevZwI,595.0
Cuban Missile Crisis - Black Saturday - Extra History - #3,Cuban Missile Crisis ,2018-03-01,1756534,36030,406,2542,-Ox9wIZeZYg,664.0
Genghis Khan - The Debut of Temüjin Khan - Extra History - #3,Genghis Khan ,2018-03-03,2511754,41091,455,1603,IvUDNSfSQdU,628.0
Genghis Khan - Khan of All Mongols - Extra History - #4,Genghis Khan ,2018-03-10,2364248,41150,444,2151,vmYcxEOBk_8,621.0
Genghis Khan - Beginnings of the Great Mongol Nation - Extra History - #5,Genghis Khan ,2018-03-17,2316051,39709,454,1937,FPYnY_TgQDA,642.0
Genghis Khan - The Final Conquering Years - Extra History - #6,Genghis Khan ,2018-03-24,2164796,50520,549,4089,aKQ-djCmsrQ,605.0
The Danelaw - Alfred vs. Guthrum - Extra History - #1,The Danelaw ,2018-04-05,1597032,29723,527,1941,_K6P3T0NIjo,656.0
The Danelaw - The Fall of Eric Bloodaxe - Extra History - #2,The Danelaw ,2018-04-12,1002826,20326,263,1063,MvM3wPGAUjE,636.0
The Empire of Mali - The Twang of a Bow - Extra History - #1,The Empire of Mali ,2018-04-14,1658191,27867,445,1668,UkayShPilkw,530.0
The Empire of Mali - An Empire of Trade and Faith - Extra History - #2,The Empire of Mali ,2018-04-21,1073271,21671,280,1285,YPytwp5ll9g,619.0
The Empire of Mali - Mansa Musa - Extra History - #3,The Empire of Mali ,2018-04-28,1050975,19848,280,1272,4-Un2xx6Pzo,490.0
The Empire of Mali - The Cracks Begin to Show - Extra History - #4,The Empire of Mali ,2018-05-05,744926,15495,226,938,lkTF0TGBDNc,538.0
The Empire of Mali - The Final Bloody Act - Extra History - #5,The Empire of Mali ,2018-05-12,656197,17022,586,994,Mi79VdOCXGc,652.0
The History of Non-Euclidean Geometry - Sacred Geometry - Extra History - #1,The History of Non-Euclidean Geometry,2018-05-26,1355314,31419,1124,1818,nkvVR-sKJT8,437.0
The History of Non-Euclidean Geometry - The Great Quest - Extra History - #2,The History of Non-Euclidean Geometry,2018-06-02,961382,25156,414,1425,vUWKMo5scKY,483.0
Thermopylae - The Hellenic Alliance - Extra History - #1,Thermopylae ,2018-06-07,1710155,29893,1151,2005,FwitONWEgsk,624.0
The History of Non-Euclidean Geometry - Squaring the Circle - Extra History - #3,The History of Non-Euclidean Geometry,2018-06-09,789360,20614,287,1298,H74AayZkpXg,594.0
Thermopylae - East vs. West - Extra History - #2,Thermopylae ,2018-06-14,1172996,26150,616,1543,Fvd9vxyCgCA,631.0
The History of Non-Euclidean Geometry - A Most Terrible Possibility - Extra History - #4,The History of Non-Euclidean Geometry,2018-06-16,782631,19311,219,1222,i5goUkT1irw,472.0
The History of Non-Euclidean Geometry - The World We Know - Extra History - #5,The History of Non-Euclidean Geometry,2018-06-23,687288,24722,248,1379,RJHi7xJV7QY,523.0
History of Non-Euclidean Geometry - Lies - Extra History - #6,The History of Non-Euclidean Geometry,2018-06-30,134727,3320,85,247,icpzi9sX_58,712.0
The 1918 Flu Pandemic - Emergence - Extra History - #1,The 1918 Flu Pandemic ,2018-07-07,2820980,47211,1363,5116,XQ9WX4qVxEo,561.0
The 1918 Flu Pandemic - Trench Fever - Extra History - #2,The 1918 Flu Pandemic ,2018-07-14,1536271,27416,462,1773,Gt-VQGNiSWU,570.0
The 1918 Flu Pandemic - Order More Coffins - Extra History - #3,The 1918 Flu Pandemic ,2018-07-21,1248943,24695,322,1857,RHlYBBZL_y8,610.0
The 1918 Flu Pandemic - Fighting the Ghost - Extra History - #4,The 1918 Flu Pandemic ,2018-07-28,1234536,23434,283,1975,dHGz4QvDVlM,593.0
The 1918 Flu Pandemic - Leviathan - Extra History - #5,The 1918 Flu Pandemic ,2018-08-04,1207004,23363,401,1965,QSxaojFNAsU,626.0
The 1918 Flu Pandemic - The Forgotten Plague - Extra History - #6,The 1918 Flu Pandemic ,2018-08-11,1122159,29334,335,3603,NSLKFwXBdbg,625.0
Kingdom of Majapahit - An Empire of Water - Extra History - #1,Kingdom of Majapahit ,2018-08-25,1579400,41633,650,5483,n4zGw2OewIk,636.0
Battle of Saipan - Steel and Coral - Extra History - #1,Battle of Saipan ,2018-09-06,1719573,28921,593,1975,y9qi1Ge3ThY,678.0
Battle of Saipan - Suicide Island - Extra History - #2,Battle of Saipan ,2018-09-13,1235671,26073,367,2055,dDvuXO9REMM,711.0
Kingdom of Majapahit - Wrath of the Khan - Extra History - #2,Kingdom of Majapahit ,2018-09-15,982070,22563,246,2054,bZKHATDgPO0,592.0
Quantum Computing - The Foundation of Everything - Extra History - #1,Quantum Computing ,2018-09-16,652241,19132,412,1542,iol5936dZho,526.0
Kingdom of Majapahit - Master of Intrigue - Extra History - #3,Kingdom of Majapahit ,2018-09-22,800478,18973,180,1525,WOw9feCjpME,645.0
Quantum Computing - Electron Boogaloo - Extra History - #2,Quantum Computing ,2018-09-23,451396,11099,223,844,2i02SQ5SFaU,599.0
Kingdom of Majapahit - The Golden Reign - Extra History - #4,Kingdom of Majapahit ,2018-09-29,720570,20059,251,1917,k_7lo61DkBM,650.0
Quantum Computing - The Einstein-Bohr Debates - Extra History - #3,Quantum Computing ,2018-09-30,438611,12757,169,683,8PUi0I02Mdc,652.0
Kingdom of Majapahit - Changing Winds - Extra History - #5,Kingdom of Majapahit ,2018-10-06,642114,19675,238,1996,1gGoSOpf34E,741.0
Quantum Computing - Spooky Action at a Distance - Extra History - #4,Quantum Computing ,2018-10-07,336644,10257,443,690,sITpTx5GL-w,389.0
Quantum Computing - Decoherence - Extra History - #5,Quantum Computing ,2018-10-14,339332,8566,134,450,LsxJmHS0cc8,420.0
Quantum Computing - The World of the Future - Extra History - #6,Quantum Computing ,2018-10-21,269847,8158,313,717,HWxhQKo3Vh4,544.0
Viking Expansion - The Serpent-Riders - Extra History - #1,Viking Expansion ,2018-10-27,1172137,26423,366,1568,sxItyrp55g8,659.0
Viking Expansion - Rollo the Walker - Extra History - #2,Viking Expansion ,2018-11-03,954536,21778,250,1556,IOnjG7ocZmI,714.0
Viking Expansion - Ireland - Extra History - #3,Viking Expansion ,2018-11-10,799648,18017,201,1000,ms3-rhnbw9U,673.0
Viking Expansion - The Lands of the Rus - Extra History - #4,Viking Expansion ,2018-11-17,716557,17796,273,1521,fhz4Fe25rik,651.0
Defense of Poland - The Battle of the Border - Extra History - #1,Defense of Poland ,2018-11-22,1665493,36733,774,3519,I47vCycUSW4,741.0
Viking Expansion - A Song of Ice and Greenland - Extra History - #5,Viking Expansion ,2018-11-24,606921,14847,173,896,kTB8131aGJo,572.0
Defense of Poland - Under Siege - Extra History - #2,Defense of Poland ,2018-11-29,1093920,27923,427,2981,20fFU_OqB0M,711.0
Viking Expansion - Wine Land - Extra History - #6,Viking Expansion ,2018-12-01,595381,17395,287,1329,SITsfX15jw0,659.0
Sun Yat-sen - A Killing in Hong Kong - Extra History - #1,Sun Yat,2018-12-16,1363044,28869,380,1576,01vuhp5WgXM,676.0
Sun Yat-sen - A Kidnapping in London - Extra History - #2,Sun Yat,2018-12-22,1078308,21422,405,1184,bt1TZHXkQ4Y,648.0
Sun Yat-sen - An Army in Exile - Extra History - #3,Sun Yat,2019-01-12,818980,19491,210,1016,uOIdiZ2zjUU,647.0
Sun Yat-sen - A Bombing in Wuchang - Extra History - #4,Sun Yat,2019-01-19,702489,18385,126,930,ibj1IZ-w60s,614.0
Sun Yat-sen - A Dream of China - Extra History - #5,Sun Yat,2019-01-26,702486,20909,171,1583,2iWELGVrJKE,681.0
Curing Tuberculosis - The Hero Koch - Extra History - #1,Curing Tuberculosis ,2019-01-31,1134266,25914,301,1431,XP-WXLsnMjY,672.0
Tuberculosis - A Ten-Thousand Year Battle - Extra History - #2,Curing Tuberculosis ,2019-02-07,806703,22901,247,1440,hBgUWnGtxt4,650.0
Irish Potato Famine - Isle of Blight - Extra History - #1,Irish Potato Famine ,2019-02-16,1742428,36820,600,3780,gAnT21xGdSk,629.0
Irish Potato Famine - The Corn Laws - Extra History - #2,Irish Potato Famine ,2019-02-23,1141667,25881,358,1853,E4Dc0ltgf3I,631.0
Irish Potato Famine - Black '47 - Extra History - #3,Irish Potato Famine ,2019-03-02,1009608,24816,280,3106,6DP8INm09nY,681.0
Irish Potato Famine - The American Wake - Extra History - #4,Irish Potato Famine ,2019-03-09,899689,23626,219,1496,csNlKTRJiS0,633.0
Irish Potato Famine - The Young and the Old - Extra History - #5,Irish Potato Famine ,2019-03-16,878201,27144,340,1667,iLlNAwyUFBs,648.0
Siege of Vienna - Opening Bombardment - Extra History - #1,Siege of Vienna ,2019-04-06,1519472,42543,1866,2780,MxZ9coEkd-U,714.0
Siege of Vienna - Tunnel War - Extra History - #2,Siege of Vienna ,2019-04-13,1961573,36409,690,1476,XxOufHD_Nxw,631.0
Siege of Vienna - Charge of the Winged Hussars - Extra History - #3,Siege of Vienna ,2019-04-20,1483909,41091,612,2619,-CouQMh_PUo,652.0
Queen Nzinga - Rise of a Legend - Extra History - #1,Queen Nzinga ,2019-04-27,724090,20558,1192,1528,EBbYxLmCO6c,552.0
Queen Nzinga - The Double Queen - Extra History - #2,Queen Nzinga ,2019-05-04,509106,16289,279,789,eCQU5FC7ht0,593.0
The Three Kingdoms - Yellow Turban Rebellion - Extra History - #1,The Three Kingdoms ,2019-05-09,794146,21275,490,1891,hu7bdq-alRo,695.0
The Three Kingdoms - The Battle of Guandu - Extra History - #2,The Three Kingdoms ,2019-05-16,526283,13704,410,963,HRXIbouYVck,691.0
History of England - The 100 Years War - Extra History - #1,History of England ,2019-05-25,1433356,37251,663,1643,i0NXWfCLIfI,512.0
History of England - Fire and Swords - Extra History - #2,History of England ,2019-06-01,903795,23460,300,1085,w5K2K-S013U,547.0
History of England - The Devastation of France - Extra History - #3,History of England ,2019-06-08,795365,20059,283,701,JWuxh-e87dg,503.0
History of England - Ashes - Extra History - #4,History of England ,2019-06-15,706584,19061,268,594,B7ENUtP_22g,525.0
History of England - Agincourt - Extra History - #5,History of England ,2019-06-22,752973,19950,344,841,mUgMlZU9TSw,563.0
History of England - A New Future - Extra History - #6,History of England ,2019-06-29,625937,19430,643,840,SuidVI9ENN8,581.0
Joan of Arc - The Mad King - Extra History - #1,Joan of Arc ,2019-07-06,1137514,29980,5433,1646,4XFVzpJxgUk,643.0
Joan of Arc - Angels and Demons - Extra History - #2,Joan of Arc ,2019-07-13,744484,22207,912,1159,ZphBpO5qUkg,620.0
Joan of Arc - The Maid of Orleans - Extra History - #3,Joan of Arc ,2019-07-20,617946,20728,450,1139,WQZimRmHEuw,642.0
Joan of Arc - Thy Kingdom Come - Extra History - #4,Joan of Arc ,2019-07-27,588209,18467,374,836,JuuYBVsg_Hg,635.0
Joan of Arc - Heroine or Heretic? - Extra History - #5,Joan of Arc ,2019-08-03,543412,19920,313,1134,C12SCeVmGAw,626.0
The Inca Empire - Out of Thin Air - Extra History - #1,The Inca Empire ,2019-08-24,795489,22003,368,1150,I-9z_Jc81fw,601.0
The Inca Empire - Earth-Shaker - Extra History - #2,The Inca Empire ,2019-08-31,551900,16467,212,711,y2JiCR3djFI,663.0
The Inca Empire - Life of a Dead Emperor - Extra History - #3,The Inca Empire ,2019-09-07,450875,13102,119,630,5D8mIYp1Qnc,589.0
The Inca Empire - Andean Apocalypse - Extra History - #4,The Inca Empire ,2019-09-14,393262,12714,125,586,DaVQA6cUQ9Q,621.0
History of Dentistry - Demons and Tooth Worms - Extra History - #1,History of Dentistry ,2019-09-19,392073,13498,1386,1589,tlkLbJCtR2k,690.0
The Inca Empire - A God Taken Hostage - Extra History - #5,The Inca Empire ,2019-09-21,347985,12311,158,676,zHGWIKnCDtE,633.0
History of Dentistry - An End To Pain - Extra History - #2,History of Dentistry ,2019-09-26,266345,9085,542,726,x9B19RmsgCo,657.0
Building Angkor - Monsoon Metropolis - Extra History - #1,Building Angkor ,2019-10-12,477984,14629,206,1184,oumxCLy_N9k,631.0
Building Angkor - Temple City - Extra History - #2,Building Angkor ,2019-10-19,328668,10418,103,486,pxbW_L9O7Rg,586.0
Building Angkor - A Clash of Gods - Extra History - #3,Building Angkor ,2019-10-26,272511,9287,90,424,BQeuakxNg94,560.0
History of Space Travel - Looking to the Stars - Extra History - #1,History of Space Travel ,2019-10-31,264320,10018,134,523,P6JARo6bgpY,596.0
Building Angkor - A Drowning City - Extra History - #4,Building Angkor ,2019-11-02,274266,9032,88,320,JL1yTXZyPd8,610.0
History of Space Travel - Revolutions - Extra History - #2,History of Space Travel ,2019-11-07,232461,7969,151,449,VB7f2BVPrvA,680.0
"Building Angkor - The ""Lost"" City - Extra History - #5",Building Angkor ,2019-11-08,223562,9025,108,480,xHmHW7lL1iM,585.0
History of Space Travel - Kill Devil to V-2 - Extra History - #3,History of Space Travel ,2019-11-14,251615,7944,273,577,YT1q0hS9yKo,668.0
History of Space Travel - Red Star - Extra History - #4,History of Space Travel ,2019-11-28,190283,6716,107,407,WjgpEr6majo,651.0
Policing London - The Thief-Taker General - Extra History - #1,Policing London ,2019-11-30,1034532,27363,350,1091,XvMQY_y4qx8,625.0
History of Space Travel - One Small Step - Extra History - #5,History of Space Travel ,2019-12-05,186808,6746,176,411,WNrhPOCZFwQ,676.0
Policing London - The Fall of Jonathan Wild - Extra History - #2,Policing London ,2019-12-07,738863,21248,176,581,h9siL4CWTe4,606.0
History of Space Travel - Guided by Starlight - Extra History - #6,History of Space Travel ,2019-12-12,156519,7062,77,499,i2CwEBaLU8U,686.0
Policing London - The Bow Street Runners - Extra History - #3,Policing London ,2019-12-14,648460,18883,150,484,H5l75BSJZo8,590.0
Policing London - His Majesty King Mob - Extra History - #4,Policing London ,2019-12-21,547611,15672,129,484,3Y3H42_8LZU,567.0
Policing London - Scotland Yard at Last - Extra History - #5,Policing London ,2019-12-28,526466,17123,212,843,qprhL2Jh2Ds,583.0
The Haitian Revolution - The Slave Society - Extra History - #1,The Haitian Revolution ,2020-01-18,607274,21488,362,1120,tYGS8Ll5mw4,552.0
The Haitian Revolution - The Long Fuse - Extra History - #2,The Haitian Revolution ,2020-01-25,469131,16120,204,669,B-MV8gTNoC0,550.0
The Haitian Revolution - Fire and Freedom - Extra History - #3,The Haitian Revolution ,2020-02-01,445243,15423,238,639,rqyygI_9DN8,548.0
The Haitian Revolution - Liberation - Extra History - #4,The Haitian Revolution ,2020-02-08,397714,14600,172,662,KfLskhmVd7k,572.0
The Haitian Revolution - The War of Knives - Extra History - #5,The Haitian Revolution ,2020-02-15,352923,13563,136,578,Yjerh4HM6Ro,587.0
The Haitian Revolution - Roots of Liberty - Extra History - #6,The Haitian Revolution ,2020-02-22,337501,14404,290,1260,-z0NqTEtJyg,560.0
Ibn Battuta - The Great Traveler - Extra History - #1,Ibn Battuta ,2020-03-07,712572,25842,528,1773,TEI0sVYKtg8,523.0
Ibn Battuta - Mongols and Mystics - Extra History - #2,Ibn Battuta ,2020-03-14,489882,18032,226,951,7mNXbUAxdVI,517.0
Ibn Battuta - The Mad Sultan - Extra History - #3,Ibn Battuta ,2020-03-21,434388,17075,183,978,Ia3WdlvfnBU,553.0
Ibn Battuta - Escape to China - Extra History - #4,Ibn Battuta ,2020-03-27,401198,15955,120,792,dqZYZOjRlmA,546.0
Ibn Battuta - Plague and Homecoming - Extra History - #5,Ibn Battuta ,2020-04-04,412278,18472,210,1014,WMlwlHHnMsI,543.0
Dividing the Middle East - The Great Loot - Extra History - #1,Dividing the Middle East ,2020-05-02,611196,21221,610,1832,f2L6L37GGAY,582.0
Dividing the Middle East - The Arab Revolt - Extra History - #2,Dividing the Middle East ,2020-05-09,467485,16379,284,1281,jJCq5p8HCZo,569.0
Dividing the Middle East - Drawing Lines - Extra History - #3,Dividing the Middle East ,2020-05-16,398782,15322,318,1369,0VoV_RQZDls,568.0
Dividing the Middle East - Three Kings - Extra History - #4,Dividing the Middle East ,2020-05-23,342018,13196,189,676,WU9TrSOnXkU,561.0
The Field of the Cloth of Gold - Universal Peace - Extra History - #1,The Field of the Cloth of Gold ,2020-05-28,432435,16600,177,906,bhi0aUQRoeg,619.0
Dividing the Middle East - Setting the Board - Extra History - #5,Dividing the Middle East ,2020-05-30,293285,12797,206,915,1zZ1A8sphjA,580.0
The Field of the Cloth of Gold - Royal Frenemies - Extra History - #2,The Field of the Cloth of Gold ,2020-06-04,317270,13359,116,574,yWt9N2ZNi3c,646.0
Exploring the Pacific - The Great Ocean - Extra History - #1,Exploring the Pacific ,2020-06-20,362705,16877,126,852,Y1suZVUoxCA,529.0
Exploring the Pacific - We Know the Way - Extra History - #2,Exploring the Pacific ,2020-06-27,264668,12281,110,812,WIDBE33GeCM,550.0
Exploring the Pacific - Founders & Lost Cities - Extra History - #3,Exploring the Pacific ,2020-07-04,251304,11041,97,645,OLrmHn8lOfk,542.0
Exploring the Pacific - Magellan's Mistake - Extra History - #4,Exploring the Pacific ,2020-07-11,259812,11146,113,764,CqpQE7dFEuM,566.0
Exploring the Pacific - Farther Than Any Man - Extra History - #5,Exploring the Pacific ,2020-07-18,187256,10163,126,567,8XQxOe9XT18,561.0
The Trojan War - History vs. Myth - Extra History - #1,The Trojan War ,2020-07-30,361223,14984,180,765,zT2egl5iTvg,667.0
Rome & The Third Century Crisis - Taking A Stab At It - Extra History - #1,Rome & The Third Century Crisis ,2020-08-08,506037,21102,774,1472,qNDE113vs28,570.0
The Trojan War - Battles in the Bronze Age - Extra History - #2,The Trojan War ,2020-08-13,249164,11015,128,469,LVQZXfgjzEE,598.0
Third Century Crisis - Enter Aurelian - Extra History - #2,Rome & The Third Century Crisis ,2020-08-15,368951,14879,276,751,fyyJbOGI7A0,567.0
Third Century Crisis - Not Diocletian - Extra History - #3,Rome & The Third Century Crisis ,2020-08-22,349648,15190,149,840,lV8u3TS0CRw,595.0
Syphilis - The Great Imitator - Extra History - #1,Syphilis ,2020-08-27,463236,18960,270,1075,gnwKRHBiWb4,604.0
Third Century Crisis - The Tetrarchy - Extra History - #4,Rome & The Third Century Crisis ,2020-08-29,325569,14487,143,578,vBFVRV5vsp4,595.0
Syphilis - The Killer Cure - Extra History - #2,Syphilis ,2020-09-03,310728,14910,332,761,fdjBBGJvem0,611.0
Third Century Crisis - The Great Persecution - Extra History - #5,Rome & The Third Century Crisis ,2020-09-05,315841,14262,201,1056,n2-pPpWC7Is,582.0
Cleopatra - A Drunken Bet - Extra History - #1,Cleopatra ,2020-09-27,302629,12662,312,828,ypswk9-DP9M,543.0
Cleopatra - Hail Caesar! - Extra History - #2,Cleopatra ,2020-10-03,307473,13949,300,860,zGSfOOzHBGs,594.0
"Cleopatra - Exit Caesar, Enter Antony! - Extra History - #3",Cleopatra ,2020-10-10,277915,13105,547,784,Vl1Yvl0U29Y,617.0
Cleopatra - Death by Snake - Extra History - #4,Cleopatra ,2020-10-17,267569,13119,297,901,i_Teuv7-LN8,631.0
Cleopatra - Eternal Life - Extra History - #5,Cleopatra ,2020-10-24,184786,10859,405,803,uNGUDaA9-GQ,566.0
End of the Samurai - Black Ships - Extra History - #1,End of the Samurai ,2020-11-14,492725,22708,202,1722,FmRm--vRHCg,573.0
End of the Samurai - Gangs of Kyoto - Extra History #2,End of the Samurai ,2020-11-21,376762,17167,147,733,c5kn5GFujuA,604.0
End of the Samurai - The Boshin War - Extra History - #3,End of the Samurai ,2020-11-28,360897,16181,141,719,499MEYhur7E,606.0
End of the Samurai - The Imperial Army - Extra History - #4,End of the Samurai ,2020-12-05,299706,14816,89,760,_IyXdZi_6yg,559.0
End of the Samurai - The Last Samurai - Extra History - #5,End of the Samurai ,2020-12-12,318918,17283,123,1034,Ir1Aua1jWc4,610.0
Saladin & the 3rd Crusade - Horns of Hattin - Extra History - #1,Saladin & the 3rd Crusade ,2021-01-02,328785,16809,261,1168,ReE35Lj_iTs,561.0
